"correlation_matrix_column","mapped_topic"
"Harmonized test scores among all students...6","Education and Knowledge"
"Average years of schooling...7","Education and Knowledge"
"Completion rate in lower secondary education...8","Education and Knowledge"
"Completion rate in primary education...9","Education and Knowledge"
"Completion rate in upper secondary education...10","Education and Knowledge"
"Duration of compulsory education...11","Education and Knowledge"
"Theoretical duration of pre-primary education...12","Education and Knowledge"
"Expected years of schooling...13","Education and Knowledge"
"Average years of schooling, adjusted gender parity index...14","Education and Knowledge"
"Gross enrolment ratio in secondary education...15","Education and Knowledge"
"Gross enrolment ratio in tertiary education...16","Education and Knowledge"
"Learning-adjusted years of schooling...17","Education and Knowledge"
"Completion rate in lower secondary education, adjusted gender parity index (GPIA)...18","Education and Knowledge"
"Combined - average years of education for 15-64 years male and female youth and adults...19","Education and Knowledge"
"Net enrolment rates in primary education, adjusted gender parity index...20","Education and Knowledge"
"Official entrance age to pre-primary education...21","Education and Knowledge"
"Share of primary schools with access to drinking water...22","Education and Knowledge"
"Share of primary schools with single-sex sanitation facilities...23","Education and Knowledge"
"4.c.1 - Proportion of teachers with the minimum required qualifications, by education level and sex (%) - SE_TRA_GRDL - Lower secondary - Both sexes...24","Education and Knowledge"
"4.c.1 - Proportion of teachers with the minimum required qualifications, by education level and sex (%) - SE_TRA_GRDL - Pre-primary - Both sexes...25","Education and Knowledge"
"4.c.1 - Proportion of teachers with the minimum required qualifications, by education level and sex (%) - SE_TRA_GRDL - Primary - Both sexes...26","Education and Knowledge"
"Share of total population aged 15-64 years with some formal education...27","Education and Knowledge"
"Percentage of enrolment in primary education in private institutions...28","Education and Knowledge"
"Completion rate in primary education, adjusted gender parity index (GPIA)...29","Education and Knowledge"
"Combined total net enrolment rate, primary, both sexes...30","Education and Knowledge"
"Pupil-qualified teacher ratio in primary education...32","Education and Knowledge"
"School life expectancy in primary education, adjusted gender parity index...33","Education and Knowledge"
"Net enrolment rates in lower secondary education, adjusted gender parity index...34","Education and Knowledge"
"Percentage of enrolment in pre-primary education in private institutions...35","Education and Knowledge"
"Government expenditure on education, total (% of government expenditure)...38","Education and Knowledge"
"Combined - percentage of youth and adults aged between 15 and 64 years with no education...39","Education and Knowledge"
"Share of secondary school teachers who are women...40","Education and Knowledge"
"Share of students from abroad...41","Education and Knowledge"
"Share of students studying abroad...43","Education and Knowledge"
"Share of the population with post-secondary education or higher (25+)...44","Education and Knowledge"
"Combined - percentage of 25-64 years adults with incomplete tertiary education...45","Education and Knowledge"
"Share of the population with lower secondary education (25+)...46","Education and Knowledge"
"Out-of-school rate for children of primary school age...47","Education and Knowledge"
"Share of total public education spending allocated to staff compensation","Education and Knowledge"
"Public spending on education as a share of GDP (historical and recent)...49","Education and Knowledge"
"Completion rate in upper secondary education, adjusted gender parity index (GPIA)...50","Education and Knowledge"
"Harmonized test scores among all students...51","Education and Knowledge"
"Average years of schooling...52","Education and Knowledge"
"Completion rate in lower secondary education...53","Education and Knowledge"
"Completion rate in primary education...54","Education and Knowledge"
"Completion rate in upper secondary education...55","Education and Knowledge"
"Duration of compulsory education...56","Education and Knowledge"
"Theoretical duration of pre-primary education...57","Education and Knowledge"
"Expected years of schooling...58","Education and Knowledge"
"Average years of schooling, adjusted gender parity index...59","Education and Knowledge"
"Gross enrolment ratio in secondary education...60","Education and Knowledge"
"Gross enrolment ratio in tertiary education...61","Education and Knowledge"
"Learning-adjusted years of schooling...62","Education and Knowledge"
"Completion rate in lower secondary education, adjusted gender parity index (GPIA)...63","Education and Knowledge"
"Combined - average years of education for 15-64 years male and female youth and adults...64","Education and Knowledge"
"Net enrolment rates in primary education, adjusted gender parity index...65","Education and Knowledge"
"Official entrance age to compulsory education","Education and Knowledge"
"Official entrance age to pre-primary education...67","Education and Knowledge"
"Share of primary schools with access to drinking water...68","Education and Knowledge"
"Share of primary schools with single-sex sanitation facilities...69","Education and Knowledge"
"4.c.1 - Proportion of teachers with the minimum required qualifications, by education level and sex (%) - SE_TRA_GRDL - Lower secondary - Both sexes...70","Education and Knowledge"
"4.c.1 - Proportion of teachers with the minimum required qualifications, by education level and sex (%) - SE_TRA_GRDL - Pre-primary - Both sexes...71","Education and Knowledge"
"4.c.1 - Proportion of teachers with the minimum required qualifications, by education level and sex (%) - SE_TRA_GRDL - Primary - Both sexes...72","Education and Knowledge"
"Share of total population aged 15-64 years with some formal education...73","Education and Knowledge"
"Percentage of enrolment in primary education in private institutions...74","Education and Knowledge"
"Completion rate in primary education, adjusted gender parity index (GPIA)...75","Education and Knowledge"
"Combined total net enrolment rate, primary, both sexes...76","Education and Knowledge"
"Pupil-qualified teacher ratio in primary education...78","Education and Knowledge"
"School life expectancy in primary education, adjusted gender parity index...79","Education and Knowledge"
"Net enrolment rates in lower secondary education, adjusted gender parity index...80","Education and Knowledge"
"Percentage of enrolment in pre-primary education in private institutions...81","Education and Knowledge"
"Combined - percentage of youth and adults aged between 15 and 64 years with no education...84","Education and Knowledge"
"Share of secondary school teachers who are women...85","Education and Knowledge"
"Share of students from abroad...87","Education and Knowledge"
"Share of students studying abroad...88","Education and Knowledge"
"Share of the population with post-secondary education or higher (25+)...89","Education and Knowledge"
"Share of the population with lower secondary education (25+)...90","Education and Knowledge"
"Combined - percentage of 25-64 years adults with incomplete tertiary education...91","Education and Knowledge"
"Out-of-school rate for children of primary school age...92","Education and Knowledge"
"Public spending on education as a share of GDP (historical and recent)...93","Education and Knowledge"
"Completion rate in upper secondary education, adjusted gender parity index (GPIA)...94","Education and Knowledge"
"Literacy rate, adult female (% of females ages 15 and above)","Education and Knowledge"
"Literacy rate, adult male (% of males ages 15 and above)","Education and Knowledge"
"Literacy rate, adult total (% of people ages 15 and above)","Education and Knowledge"
"Literacy rate among young people (15鈥24 years), adjusted gender parity index","Education and Knowledge"
"Annual change in primary energy consumption (TWh)...101","Energy and Environment"
"Annual change in primary energy consumption (TWh)...102","Energy and Environment"
"Coal (TWh growth)...103","Energy and Environment"
"Fossil fuels (TWh growth)...104","Energy and Environment"
"Gas (TWh growth)...105","Energy and Environment"
"Hydro (TWh growth - equivalent)...106","Energy and Environment"
"Coal (TWh growth)...107","Energy and Environment"
"Fossil fuels (TWh growth)...108","Energy and Environment"
"Gas (TWh growth)...109","Energy and Environment"
"Hydro (TWh growth - equivalent)...110","Energy and Environment"
"Low-carbon energy (TWh growth - equivalent)...111","Energy and Environment"
"Nuclear (TWh growth - equivalent)...112","Energy and Environment"
"Oil (TWh growth)...113","Energy and Environment"
"Annual change in primary energy consumption (%)...114","Energy and Environment"
"Renewables (TWh growth - equivalent)...115","Energy and Environment"
"Solar and wind (TWh growth - equivalent)","Energy and Environment"
"Solar (TWh growth - equivalent)...117","Energy and Environment"
"Wind (TWh growth - equivalent)...118","Energy and Environment"
"Low-carbon energy (TWh growth - equivalent)...119","Energy and Environment"
"Nuclear (TWh growth - equivalent)...120","Energy and Environment"
"Oil (TWh growth)...121","Energy and Environment"
"Renewables (TWh growth - equivalent)...122","Energy and Environment"
"Solar (TWh growth - equivalent)...123","Energy and Environment"
"Wind (TWh growth - equivalent)...124","Energy and Environment"
"Coal (% growth)...125","Energy and Environment"
"Fossil fuels (% growth)...126","Energy and Environment"
"Gas (% growth)...127","Energy and Environment"
"Hydro (% growth)...128","Energy and Environment"
"Coal (% growth)...129","Energy and Environment"
"Fossil fuels (% growth)...130","Energy and Environment"
"Gas (% growth)...131","Energy and Environment"
"Hydro (% growth)...132","Energy and Environment"
"Low-carbon energy (% growth)...133","Energy and Environment"
"Oil (% growth)...135","Energy and Environment"
"Renewables (% growth)...136","Energy and Environment"
"Solar and wind (% growth)","Energy and Environment"
"Solar (% growth)...138","Energy and Environment"
"Wind (% growth)...139","Energy and Environment"
"Low-carbon energy (% growth)...140","Energy and Environment"
"Renewables (% growth)...142","Energy and Environment"
"Solar (% growth)...143","Energy and Environment"
"Wind (% growth)...144","Energy and Environment"
"Carbon intensity of electricity - gCO2/kWh...145","Energy and Environment"
"Carbon intensity of electricity - gCO2/kWh...146","Energy and Environment"
"Annual change in primary energy consumption (%)...147","Energy and Environment"
"Coal per capita (kWh)...148","Energy and Environment"
"Coal consumption - TWh...149","Energy and Environment"
"Coal electricity per capita - kWh...150","Energy and Environment"
"Coal (% equivalent primary energy)...151","Energy and Environment"
"Coal production per capita (kWh)","Energy and Environment"
"Coal production (TWh)...153","Energy and Environment"
"Coal production - TWh","Energy and Environment"
"consumption_per_capita","Energy and Environment"
"consumption_energy_intensity","Energy and Environment"
"Total subsidies","Energy and Environment"
"Wind capacity (total) (GW)...160","Energy and Environment"
"Electricity generation as share of direct primary energy consumption - %","Energy and Environment"
"Electricity from coal - TWh...162","Energy and Environment"
"Electricity demand - TWh","Energy and Environment"
"Electricity from fossil fuels - TWh...164","Energy and Environment"
"Electricity from gas - TWh...165","Energy and Environment"
"Electricity from coal - TWh...166","Energy and Environment"
"Electricity from fossil fuels - TWh...167","Energy and Environment"
"Electricity from gas - TWh...168","Energy and Environment"
"Low-carbon electricity - TWh...169","Energy and Environment"
"Electricity from oil - TWh...170","Energy and Environment"
"Electricity from renewables - TWh...171","Energy and Environment"
"Electricity generation - TWh","Energy and Environment"
"Net electricity imports as a share of demand - %...173","Energy and Environment"
"Electricity from oil - TWh...174","Energy and Environment"
"Electricity from renewables - TWh...175","Energy and Environment"
"net_energy_traded_goods","Energy and Environment"
"Energy intensity level of primary energy (MJ/$2017 PPP GDP)","Energy and Environment"
"Primary energy consumption per GDP (kWh/$)","Energy and Environment"
"Primary energy consumption per capita (kWh/person)...179","Energy and Environment"
"Fossil fuel electricity per capita - kWh...180","Energy and Environment"
"Fossil fuels per capita (kWh)...181","Energy and Environment"
"Fossil fuels (TWh)...182","Energy and Environment"
"Fossil fuels (TWh)...183","Energy and Environment"
"Fossil fuels per capita (kWh)...184","Energy and Environment"
"Fossil fuels (% equivalent primary energy)...185","Energy and Environment"
"Gas consumption - TWh...186","Energy and Environment"
"Gas consumption - TWh...187","Energy and Environment"
"Gas electricity per capita - kWh...188","Energy and Environment"
"Gas production per capita (kWh)","Energy and Environment"
"Gas production (TWh)...190","Energy and Environment"
"Gas (% equivalent primary energy)...191","Energy and Environment"
"Hydro electricity per capita - kWh...193","Energy and Environment"
"Hydro (% equivalent primary energy)...194","Energy and Environment"
"Electricity from hydro - TWh...195","Energy and Environment"
"Solar capacity (total) (GW)...197","Energy and Environment"
"Low-carbon electricity per capita - kWh...199","Energy and Environment"
"Low-carbon electricity per capita - kWh...200","Energy and Environment"
"Low-carbon electricity - TWh...201","Energy and Environment"
"Low-carbon energy (TWh - equivalent)","Energy and Environment"
"Low-carbon energy (% equivalent primary energy)...203","Energy and Environment"
"Gas proved reserves - m鲁...204","Energy and Environment"
"Net electricity imports as a share of demand - %...205","Energy and Environment"
"Net imports - TWh","Energy and Environment"
"Nuclear electricity per capita - kWh...207","Energy and Environment"
"Electricity from nuclear - TWh...208","Energy and Environment"
"Electricity from nuclear - TWh...209","Energy and Environment"
"Nuclear (% equivalent primary energy)...210","Energy and Environment"
"Oil consumption - TWh...211","Energy and Environment"
"Oil consumption - TWh...212","Energy and Environment"
"Oil electricity per capita - kWh...213","Energy and Environment"
"Oil production per capita (kWh)","Energy and Environment"
"Oil production (TWh)...215","Energy and Environment"
"Oil proved reserves - t","Energy and Environment"
"Oil (% equivalent primary energy)...217","Energy and Environment"
"Number of patents in carbon capture and storage...218","Energy and Environment"
"Total number of patents in renewable energy technologies...219","Energy and Environment"
"Access to electricity (number of people without access)...220","Energy and Environment"
"Low-carbon energy per capita (kWh - equivalent)...221","Energy and Environment"
"Per capita electricity demand - kWh","Energy and Environment"
"Coal electricity per capita - kWh...223","Energy and Environment"
"Fossil fuel electricity per capita - kWh...224","Energy and Environment"
"Gas electricity per capita - kWh...225","Energy and Environment"
"Hydro electricity per capita - kWh...226","Energy and Environment"
"Nuclear electricity per capita - kWh...227","Energy and Environment"
"Oil electricity per capita - kWh...228","Energy and Environment"
"Renewable electricity per capita - kWh...229","Energy and Environment"
"Solar and wind electricity per capita - kWh","Energy and Environment"
"Solar electricity per capita - kWh...231","Energy and Environment"
"Wind electricity per capita - kWh...232","Energy and Environment"
"Per capita electricity - kWh...233","Energy and Environment"
"Coal per capita (kWh)...234","Energy and Environment"
"Hydro per capita (kWh - equivalent)...235","Energy and Environment"
"Nuclear per capita (kWh - equivalent)...236","Energy and Environment"
"Renewables per capita (kWh - equivalent)...237","Energy and Environment"
"Solar and wind per capita (kWh - equivalent)","Energy and Environment"
"Solar per capita (kWh - equivalent)...239","Energy and Environment"
"Wind per capita (kWh - equivalent)...240","Energy and Environment"
"Primary energy consumption per capita (kWh/person)...241","Energy and Environment"
"Gas per capita (kWh)...242","Energy and Environment"
"Gas per capita (kWh)...243","Energy and Environment"
"Hydro per capita (kWh - equivalent)...244","Energy and Environment"
"Low-carbon energy per capita (kWh - equivalent)...245","Energy and Environment"
"Nuclear per capita (kWh - equivalent)...246","Energy and Environment"
"Oil per capita (kWh)...247","Energy and Environment"
"Oil per capita (kWh)...248","Energy and Environment"
"Renewables per capita (kWh - equivalent)...249","Energy and Environment"
"Solar per capita (kWh - equivalent)...250","Energy and Environment"
"Wind per capita (kWh - equivalent)...251","Energy and Environment"
"Solar (% growth)...252","Energy and Environment"
"Coal (% growth)...253","Energy and Environment"
"Gas (% growth)...254","Energy and Environment"
"Nuclear (% growth)...255","Energy and Environment"
"Oil (% growth)...256","Energy and Environment"
"Wind (% growth)...257","Energy and Environment"
"Hydro (% growth)...258","Energy and Environment"
"Other renewables (% growth)","Energy and Environment"
"Primary energy consumption (TWh)...260","Energy and Environment"
"Hydro (TWh - equivalent)...261","Energy and Environment"
"Nuclear (TWh - equivalent)...262","Energy and Environment"
"Renewables (TWh - equivalent)...263","Energy and Environment"
"Solar and wind (TWh - equivalent)","Energy and Environment"
"Solar (TWh - equivalent)","Energy and Environment"
"Wind (TWh - equivalent)...266","Energy and Environment"
"Primary energy consumption (TWh)...267","Energy and Environment"
"Hydro (TWh - equivalent)...268","Energy and Environment"
"Nuclear (TWh - equivalent)...269","Energy and Environment"
"Renewables (TWh - equivalent)...270","Energy and Environment"
"Wind (TWh - equivalent)...271","Energy and Environment"
"Renewable electricity per capita - kWh...272","Energy and Environment"
"Renewables (% equivalent primary energy)...273","Energy and Environment"
"Coal - % electricity...274","Energy and Environment"
"Fossil fuels - % electricity...275","Energy and Environment"
"Gas - % electricity...276","Energy and Environment"
"Hydro - % electricity...277","Energy and Environment"
"Low-carbon electricity - % electricity...278","Energy and Environment"
"Nuclear - % electricity...279","Energy and Environment"
"Oil - % electricity...280","Energy and Environment"
"Renewables - % electricity...281","Energy and Environment"
"Solar - % electricity...282","Energy and Environment"
"Wind - % electricity...283","Energy and Environment"
"Low-carbon electricity - % electricity...284","Energy and Environment"
"Coal - % electricity...285","Energy and Environment"
"Fossil fuels - % electricity...286","Energy and Environment"
"Gas - % electricity...287","Energy and Environment"
"Hydro - % electricity...288","Energy and Environment"
"Nuclear - % electricity...289","Energy and Environment"
"Oil - % electricity...290","Energy and Environment"
"Renewables - % electricity...291","Energy and Environment"
"Renewables - % electricity...292","Energy and Environment"
"Solar and wind - % electricity","Energy and Environment"
"Solar - % electricity...294","Energy and Environment"
"Wind - % electricity...295","Energy and Environment"
"7.2.1 - Renewable energy share in the total final energy consumption (%) - EG_FEC_RNEW","Energy and Environment"
"Coal (% equivalent primary energy)...297","Energy and Environment"
"Fossil fuels (% equivalent primary energy)...298","Energy and Environment"
"Gas (% equivalent primary energy)...299","Energy and Environment"
"Hydro (% equivalent primary energy)...300","Energy and Environment"
"Low-carbon energy (% equivalent primary energy)...301","Energy and Environment"
"Nuclear (% equivalent primary energy)...302","Energy and Environment"
"Oil (% equivalent primary energy)...303","Energy and Environment"
"Renewables (% equivalent primary energy)...304","Energy and Environment"
"Solar and wind (% equivalent primary energy)...305","Energy and Environment"
"Solar (% equivalent primary energy)...306","Energy and Environment"
"Wind (% equivalent primary energy)...307","Energy and Environment"
"Solar and wind (% equivalent primary energy)...308","Energy and Environment"
"Access to electricity (% of population)...309","Energy and Environment"
"Electricity from solar and wind - TWh","Energy and Environment"
"Solar electricity per capita - kWh...311","Energy and Environment"
"Electricity from solar - TWh...312","Energy and Environment"
"Electricity from solar - TWh...313","Energy and Environment"
"Solar photovoltaic capacity (on-grid) (GW)","Energy and Environment"
"Solar (% equivalent primary energy)...315","Energy and Environment"
"net_energy_traded_goods_pct_domestic","Energy and Environment"
"Wind electricity per capita - kWh...318","Energy and Environment"
"Electricity from wind - TWh...319","Energy and Environment"
"Electricity from wind - TWh...320","Energy and Environment"
"Wind (% equivalent primary energy)...321","Energy and Environment"
"production|Aluminum|Smelter|tonnes","Energy and Environment"
"production|Barite|Mine|tonnes","Energy and Environment"
"production|Bauxite|Mine|tonnes","Energy and Environment"
"production|Coal|Mine|tonnes","Energy and Environment"
"production|Copper|Mine|tonnes","Energy and Environment"
"production|Gold|Mine|tonnes","Energy and Environment"
"production|Lead|Mine|tonnes","Energy and Environment"
"Total natural resources rents (% of GDP)","Energy and Environment"
"production|Petroleum|Crude|tonnes","Energy and Environment"
"production|Phosphate rock|Mine|tonnes","Energy and Environment"
"production|Silver|Mine|tonnes","Energy and Environment"
"production|Steel|Processing, crude|tonnes","Energy and Environment"
"production|Zinc|Mine|tonnes","Energy and Environment"
"11.b.1 - Score of adoption and implementation of national DRR strategies in line with the Sendai Framework - SG_DSR_LGRGSR","Energy and Environment"
"Death rates from disasters","Energy and Environment"
"Death rates from drought","Energy and Environment"
"Death rates from earthquakes","Energy and Environment"
"Death rates from extreme temperatures","Energy and Environment"
"Death rates from floods","Energy and Environment"
"Death rate from natural disasters among both sexes...433","Energy and Environment"
"Death rates from storms","Energy and Environment"
"Death rates from volcanic activity","Energy and Environment"
"Death rates from wildfires","Energy and Environment"
"13.1.1 - Number of deaths and missing persons attributed to disasters per 100,000 population (number) - VC_DSR_MTMP","Energy and Environment"
"Total deaths from natural disasters among both sexes","Energy and Environment"
"11.5.2 - Direct economic loss attributed to disasters (current United States dollars) - VC_DSR_GDPLS","Energy and Environment"
"11.5.2 - Direct economic loss attributed to disasters relative to GDP (%) - VC_DSR_LSGP","Energy and Environment"
"1.5.2 - Direct economic loss attributed to disasters (current United States dollars) - VC_DSR_GDPLS","Energy and Environment"
"Annual precipitation anomaly","Energy and Environment"
"Homelessness rate from disasters","Energy and Environment"
"Homelessness rate from earthquakes","Energy and Environment"
"Homelessness rate from floods","Energy and Environment"
"Homelessness rate from storms","Energy and Environment"
"Homelessness rate from wildfires","Energy and Environment"
"Injury rates from disasters","Energy and Environment"
"Injury rates from drought","Energy and Environment"
"Injury rates from earthquakes","Energy and Environment"
"Injury rates from floods","Energy and Environment"
"Injury rates from storms","Energy and Environment"
"Injury rates from wildfires","Energy and Environment"
"Internally displaced persons, new displacement associated with disasters (number of cases)","Energy and Environment"
"1.5.3 - Score of adoption and implementation of national DRR strategies in line with the Sendai Framework - SG_DSR_LGRGSR","Energy and Environment"
"13.1.3 - Proportion of local governments that adopt and implement local disaster risk reduction strategies in line with national disaster risk reduction strategies (%) - SG_DSR_SILS...465","Energy and Environment"
"13.1.3 - Proportion of local governments that adopt and implement local disaster risk reduction strategies in line with national disaster risk reduction strategies (%) - SG_DSR_SILS...466","Energy and Environment"
"Number of people affected by disasters per 100,000","Energy and Environment"
"Number of people affected by drought per 100,000","Energy and Environment"
"Number of people affected by earthquakes per 100,000","Energy and Environment"
"Number of people affected by floods per 100,000","Energy and Environment"
"Number of people affected by storms per 100,000","Energy and Environment"
"Number of people affected by volcanic activity per 100,000","Energy and Environment"
"Number of people affected by wildfires per 100,000","Energy and Environment"
"Total economic damages from disasters as a share of GDP","Energy and Environment"
"Total economic damages from drought as a share of GDP","Energy and Environment"
"Total economic damages from earthquakes as a share of GDP","Energy and Environment"
"Total economic damages from floods as a share of GDP","Energy and Environment"
"Total economic damages from storms as a share of GDP","Energy and Environment"
"Total economic damages from volcanic activity as a share of GDP...486","Energy and Environment"
"Total economic damages from volcanic activity as a share of GDP...487","Energy and Environment"
"Total number of people affected by disasters per 100,000","Energy and Environment"
"Total number of people affected by drought per 100,000","Energy and Environment"
"Total number of people affected by earthquakes per 100,000","Energy and Environment"
"Total number of people affected by floods per 100,000","Energy and Environment"
"Total number of people affected by storms per 100,000","Energy and Environment"
"Total number of people affected by volcanic activity per 100,000","Energy and Environment"
"Total number of people affected by wildfires per 100,000","Energy and Environment"
"Per capita net exports of plastic waste","Energy and Environment"
"Net exports of plastic waste via all modes of transport","Energy and Environment"
"Per capita exports of plastic waste via all modes of transport","Energy and Environment"
"Exports of plastic waste via all modes of transport","Energy and Environment"
"Per capita imports of plastic waste via all modes of transport","Energy and Environment"
"Imports of plastic waste via all modes of transport","Energy and Environment"
"Share of global plastic waste exports","Energy and Environment"
"Share of global plastic waste imports","Energy and Environment"
"PM2.5 air pollution, mean annual exposure (micrograms per cubic meter)","Energy and Environment"
"Annual CO鈧 emissions (per capita)...520","Energy and Environment"
"Aquaculture production (metric tons)...526","Energy and Environment"
"Capture fisheries production (metric tons)...529","Energy and Environment"
"15.4.1 - Average proportion of Mountain Key Biodiversity Areas (KBAs) covered by protected areas (%) - ER_PTD_MTN","Energy and Environment"
"Fish and seafood | 00002960 || Production | 005511 || tonnes...538","Energy and Environment"
"Share of land covered by forest...540","Energy and Environment"
"Marine protected areas (% of territorial waters)...544","Energy and Environment"
"2.5.1 - Plant genetic resources accessions stored ex situ (number) - ER_GRF_PLNTSTOR","Energy and Environment"
"2.5.1 - Number of transboundary breeds for which sufficient genetic resources are stored for reconstitution - ER_GRF_ANIMRCNTN_TRB","Energy and Environment"
"2.5.1 - Number of local breeds for which sufficient genetic resources are stored for reconstitution - ER_GRF_ANIMRCNTN","Energy and Environment"
"15.2.1 - Proportion of forest area within legally established protected areas (%) - AG_LND_FRSTPRCT...552","Energy and Environment"
"15.1.2 - Average proportion of Freshwater Key Biodiversity Areas (KBAs) covered by protected areas (%) - ER_PTD_FRHWTR","Energy and Environment"
"2.5.2 - Proportion of local breeds classified as being at risk of extinction as a share of local breeds with known level of extinction risk (%) - ER_RSK_LBREDS","Energy and Environment"
"14.5.1 - Average proportion of Marine Key Biodiversity Areas (KBAs) covered by protected areas (%) - ER_MRN_MPA","Energy and Environment"
"15.1.2 - Average proportion of Terrestrial Key Biodiversity Areas (KBAs) covered by protected areas (%) - ER_PTD_TERR","Energy and Environment"
"15.5.1 - Red List Index - ER_RSK_LST","Energy and Environment"
"Terrestrial protected areas (% of total land area)","Energy and Environment"
"15.a.1 - Total official development assistance for biodiversity, by donor countries (millions of constant 2023 United States dollars) - DC_ODA_BDVDL","Energy and Environment"
"15.a.1 - Total official development assistance for biodiversity, by recipient countries (millions of constant 2023 United States dollars) - DC_ODA_BDVL","Energy and Environment"
"Temperature anomaly","Energy and Environment"
"Share of contribution to global warming...571","Energy and Environment"
"Annual CO鈧 emissions growth (abs)","Energy and Environment"
"Annual CO鈧 emissions from cement...577","Energy and Environment"
"Annual CO鈧 emissions from coal...578","Energy and Environment"
"Annual CO鈧 emissions from cement...579","Energy and Environment"
"Annual CO鈧 emissions from coal...580","Energy and Environment"
"Annual CO鈧 emissions from flaring...581","Energy and Environment"
"Annual CO鈧 emissions from gas...582","Energy and Environment"
"Annual CO鈧 emissions from land-use change per capita...583","Energy and Environment"
"Annual CO鈧 emissions from land-use change...584","Energy and Environment"
"Annual CO鈧 emissions from oil...585","Energy and Environment"
"Annual CO鈧 emissions including land-use change...586","Energy and Environment"
"Annual CO鈧 emissions...587","Energy and Environment"
"Annual CO鈧 emissions...588","Energy and Environment"
"Annual CO鈧 emissions from flaring...589","Energy and Environment"
"Annual CO鈧 emissions from gas...590","Energy and Environment"
"Annual CO鈧 emissions including land-use change...591","Energy and Environment"
"Annual CO鈧 emissions from oil...592","Energy and Environment"
"Annual CO鈧 emissions from other industry","Energy and Environment"
"Share of global annual CO鈧 emissions","Energy and Environment"
"Annual CO鈧 emissions per GDP (kg per international-$)...595","Energy and Environment"
"Annual CO鈧 emissions per unit energy (kg per kilowatt-hour)...596","Energy and Environment"
"CO鈧 emissions covered by a carbon tax or an ETS as a share of the country's CO鈧 emissions","Energy and Environment"
"CO鈧 emissions covered by a carbon tax as a share of the country's CO鈧 emissions","Energy and Environment"
"CO鈧 emissions covered by an ETS as a share of the country's CO鈧 emissions","Energy and Environment"
"Annual CO鈧 emissions growth (%)","Energy and Environment"
"Annual CO鈧 emissions embedded in trade","Energy and Environment"
"Annual CO鈧 emissions (per capita)...602","Energy and Environment"
"Annual CO鈧 emissions from domestic aviation...604","Energy and Environment"
"Annual CO鈧 emissions (per capita)...605","Energy and Environment"
"Carbon dioxide emissions from transport...606","Energy and Environment"
"Annual CO鈧 emissions per GDP (kg per international-$)...607","Energy and Environment"
"Annual CO鈧 emissions from international aviation","Energy and Environment"
"Share of global annual CO鈧 emissions from land-use change","Energy and Environment"
"Annual CO鈧 emissions from land-use change per capita...610","Energy and Environment"
"Annual CO鈧 emissions from land-use change...611","Energy and Environment"
"Annual CO鈧 emissions per unit energy (kg per kilowatt-hour)...612","Energy and Environment"
"Annual consumption-based CO鈧 emissions","Energy and Environment"
"Per capita consumption-based CO鈧 emissions...614","Energy and Environment"
"Per capita consumption-based CO鈧 emissions...615","Energy and Environment"
"Change in global mean surface temperature caused by greenhouse gas emissions...616","Energy and Environment"
"Change in global mean surface temperature caused by greenhouse gas emissions from agriculture and land use...617","Energy and Environment"
"Change in global mean surface temperature caused by greenhouse gas emissions from fossil fuels and industry...618","Energy and Environment"
"Change in global mean surface temperature caused by greenhouse gas emissions...619","Energy and Environment"
"Share of contribution to global warming...620","Energy and Environment"
"Cumulative CO鈧 emissions from other industry","Energy and Environment"
"Cumulative CO鈧 emissions...622","Energy and Environment"
"Cumulative CO鈧 emissions from cement...623","Energy and Environment"
"Cumulative CO鈧 emissions from coal...624","Energy and Environment"
"Cumulative CO鈧 emissions from cement...625","Energy and Environment"
"Cumulative CO鈧 emissions from coal...626","Energy and Environment"
"Cumulative CO鈧 emissions from flaring...627","Energy and Environment"
"Cumulative CO鈧 emissions from gas...628","Energy and Environment"
"Cumulative CO鈧 emissions from land-use change...629","Energy and Environment"
"Cumulative CO鈧 emissions from oil...630","Energy and Environment"
"Cumulative CO鈧 emissions including land-use change...631","Energy and Environment"
"Cumulative CO鈧 emissions...632","Energy and Environment"
"Cumulative CO鈧 emissions from flaring...633","Energy and Environment"
"Cumulative CO鈧 emissions from gas...634","Energy and Environment"
"Cumulative CO鈧 emissions including land-use change...635","Energy and Environment"
"Cumulative CO鈧 emissions from land-use change...636","Energy and Environment"
"Cumulative CO鈧 emissions from oil...637","Energy and Environment"
"Average price on emissions covered by a carbon tax, weighted by the share of the country's CO鈧 emissions","Energy and Environment"
"Change in global mean surface temperature caused by greenhouse gas emissions from fossil fuels and industry...641","Energy and Environment"
"Change in global mean surface temperature caused by greenhouse gas emissions from agriculture and land use...642","Energy and Environment"
"Annual greenhouse gas emissions in CO鈧 equivalents...643","Energy and Environment"
"Annual CO鈧 emissions embedded in trade (per capita)","Energy and Environment"
"Methane emissions from agriculture","Energy and Environment"
"Annual methane emissions in CO鈧 equivalents","Energy and Environment"
"Nitrous oxide emissions from agriculture","Energy and Environment"
"Annual nitrous oxide emissions in CO鈧 equivalents","Energy and Environment"
"Per capita CO鈧 emissions from international flights, international tourism-adjusted...649","Energy and Environment"
"Per capita total annual CO鈧 emissions from aviation...650","Energy and Environment"
"Annual CO鈧 emissions from cement (per capita)...651","Energy and Environment"
"Annual CO鈧 emissions from coal (per capita)...652","Energy and Environment"
"Annual CO鈧 emissions from cement (per capita)...653","Energy and Environment"
"Annual CO鈧 emissions from coal (per capita)...654","Energy and Environment"
"Per capita CO鈧 emissions from domestic aviation...655","Energy and Environment"
"Annual CO鈧 emissions from flaring (per capita)...656","Energy and Environment"
"Annual CO鈧 emissions from gas (per capita)...657","Energy and Environment"
"Annual CO鈧 emissions from oil (per capita)...658","Energy and Environment"
"Annual CO鈧 emissions including land-use change per capita...659","Energy and Environment"
"Annual CO鈧 emissions from flaring (per capita)...660","Energy and Environment"
"Annual CO鈧 emissions from gas (per capita)...662","Energy and Environment"
"Annual CO鈧 emissions including land-use change per capita...663","Energy and Environment"
"Per capita CO鈧 emissions from international aviation...664","Energy and Environment"
"Per capita CO鈧 emissions from international flights, international tourism-adjusted...665","Energy and Environment"
"Annual CO鈧 emissions from oil (per capita)...666","Energy and Environment"
"Per capita carbon dioxide emissions from transport...667","Energy and Environment"
"Annual CO鈧 emissions (per capita)...668","Energy and Environment"
"Per capita greenhouse gas emissions in CO鈧 equivalents...669","Energy and Environment"
"Per capita greenhouse gas emissions from fossil fuels and industry in CO鈧 equivalents","Energy and Environment"
"Per capita greenhouse gas emissions in CO鈧 equivalents...671","Energy and Environment"
"Per capita methane emissions in CO鈧 equivalents","Energy and Environment"
"Per capita nitrous oxide emissions from agriculture","Energy and Environment"
"Per capita nitrous oxide emissions in CO鈧 equivalents...674","Energy and Environment"
"Per capita nitrous oxide emissions in CO鈧 equivalents...675","Energy and Environment"
"Share of annual CO鈧 emissions embedded in trade","Energy and Environment"
"Share of global cumulative CO鈧 emissions from oil","Energy and Environment"
"Share of global annual CO鈧 emissions from cement","Energy and Environment"
"Share of global annual CO鈧 emissions from coal","Energy and Environment"
"Share of global annual CO鈧 emissions from flaring","Energy and Environment"
"Share of global annual CO鈧 emissions from gas","Energy and Environment"
"Share of global annual CO鈧 emissions including land-use change","Energy and Environment"
"Share of global annual CO鈧 emissions from oil","Energy and Environment"
"Share of global cumulative CO鈧 emissions from cement","Energy and Environment"
"Share of global cumulative CO鈧 emissions from coal","Energy and Environment"
"Share of global cumulative CO鈧 emissions from flaring","Energy and Environment"
"Share of global cumulative CO鈧 emissions from gas","Energy and Environment"
"Share of global cumulative CO鈧 emissions including land-use change","Energy and Environment"
"Share of global greenhouse gas emissions","Energy and Environment"
"Share of global methane emissions","Energy and Environment"
"Share of global nitrous oxide emissions","Energy and Environment"
"Share of global cumulative CO鈧 emissions","Energy and Environment"
"Share of global annual CO鈧 emissions from other industry","Energy and Environment"
"Share of global cumulative CO鈧 emissions from land-use change","Energy and Environment"
"Share of global cumulative CO鈧 emissions from other industry","Energy and Environment"
"Annual greenhouse gas emissions from fossil fuels and industry in CO鈧 equivalents","Energy and Environment"
"Annual greenhouse gas emissions in CO鈧 equivalents...699","Energy and Environment"
"Average price on emissions covered by an ETS, weighted by the share of the country's CO鈧 emissions","Energy and Environment"
"Carbon intensity of electricity - gCO2/kWh...701","Energy and Environment"
"Coal - % electricity...702","Energy and Environment"
"Fossil fuels - % electricity...703","Energy and Environment"
"Gas - % electricity...704","Energy and Environment"
"Hydro - % electricity...705","Energy and Environment"
"Low-carbon electricity - % electricity...706","Energy and Environment"
"Nuclear - % electricity...707","Energy and Environment"
"Renewables - % electricity...708","Energy and Environment"
"Solar - % electricity...709","Energy and Environment"
"Wind - % electricity...710","Energy and Environment"
"Coal (% equivalent primary energy)...711","Energy and Environment"
"Fossil fuels (% equivalent primary energy)...712","Energy and Environment"
"Gas (% equivalent primary energy)...713","Energy and Environment"
"Hydro (% equivalent primary energy)...714","Energy and Environment"
"Low-carbon energy (% equivalent primary energy)...715","Energy and Environment"
"Nuclear (% equivalent primary energy)...716","Energy and Environment"
"Oil (% equivalent primary energy)...717","Energy and Environment"
"Renewables (% equivalent primary energy)...718","Energy and Environment"
"Solar (% equivalent primary energy)...719","Energy and Environment"
"Wind (% equivalent primary energy)...720","Energy and Environment"
"15.2.1 - Above-ground biomass in forest (tonnes per hectare) - AG_LND_FRSTBIOPHA","Energy and Environment"
"Tree cover loss driven by agriculture","Energy and Environment"
"Share of land covered by forest...735","Energy and Environment"
"Forest area","Energy and Environment"
"15.2.1 - Annual forest area change rate (%) - AG_LND_FRSTCHG","Energy and Environment"
"15.2.1 - Forest area certified under an independently verified certification scheme (thousands of hectares) - AG_LND_FRSTCERT","Energy and Environment"
"15.2.1 - Proportion of forest area with a long-term management plan (%) - AG_LND_FRSTMGT","Energy and Environment"
"15.2.1 - Proportion of forest area within legally established protected areas (%) - AG_LND_FRSTPRCT...743","Energy and Environment"
"Share of global forest area","Energy and Environment"
"Tree cover loss driven by wildfire","Energy and Environment"
"Tree cover loss driven by all causes","Energy and Environment"
"Coal consumption - TWh...749","Energy and Environment"
"Coal (% equivalent primary energy)...750","Energy and Environment"
"Coal production (TWh)...751","Energy and Environment"
"Coal reserves - Mt","Energy and Environment"
"Fossil fuels (TWh)...753","Energy and Environment"
"Fossil fuels per capita (kWh)...754","Energy and Environment"
"Fossil fuels (% equivalent primary energy)...755","Energy and Environment"
"Gas consumption - TWh...756","Energy and Environment"
"Gas production (TWh)...757","Energy and Environment"
"Gas (% equivalent primary energy)...758","Energy and Environment"
"Gas proved reserves - m鲁...759","Energy and Environment"
"Oil consumption - TWh...760","Energy and Environment"
"Oil production (TWh)...761","Energy and Environment"
"Oil (% equivalent primary energy)...762","Energy and Environment"
"Coal - % electricity...763","Energy and Environment"
"Fossil fuels - % electricity...764","Energy and Environment"
"Gas - % electricity...765","Energy and Environment"
"Proportion of population with primary reliance on clean fuels and technologies for cooking (%) - Residence area type: Total...766","Energy and Environment"
"Agricultural land | 00006610 || Area | 5110pc || hectares per capita","Energy and Environment"
"Agricultural land | 00006610 || Area | 005110 || hectares","Energy and Environment"
"Change in agriculture area with respect to one decade back","Energy and Environment"
"Arable land (hectares per person)","Energy and Environment"
"Permanent meadows and pastures | 00006655 || Share in land area | 007209 || percent","Energy and Environment"
"Land area | 00006601 || Area | 005110 || hectares","Energy and Environment"
"Land area (sq. km)","Energy and Environment"
"Palm fruit oil | 00000254 || Area harvested | 005312 || hectares...775","Energy and Environment"
"Agricultural land (% of land area)","Energy and Environment"
"Arable land (% of land area)","Energy and Environment"
"Land use (per capita): Agriculture","Energy and Environment"
"Electricity from nuclear - TWh...784","Energy and Environment"
"Nuclear (% equivalent primary energy)...785","Energy and Environment"
"Nuclear - % electricity...786","Energy and Environment"
"Annual PM2.5 emissions from wildfires...787","Energy and Environment"
"Consumption of controlled substance (zero-filled) - Chemical: All (Ozone-depleting)","Energy and Environment"
"Solar (% equivalent primary energy)...791","Energy and Environment"
"Electricity from solar - TWh...793","Energy and Environment"
"Hydro - % electricity...794","Energy and Environment"
"Electricity from wind - TWh...795","Energy and Environment"
"Wind (% equivalent primary energy)...796","Energy and Environment"
"Solar - % electricity...797","Energy and Environment"
"Wind - % electricity...798","Energy and Environment"
"Renewables (% equivalent primary energy)...799","Energy and Environment"
"Renewables - % electricity...800","Energy and Environment"
"Hydro (% equivalent primary energy)...801","Energy and Environment"
"Electricity from hydro - TWh...802","Energy and Environment"
"Solar capacity (total) (GW)...803","Energy and Environment"
"Wind capacity (total) (GW)...804","Energy and Environment"
"12.4.2 - Hazardous waste generated, per capita (Kg) - EN_HAZ_PCAP","Energy and Environment"
"12.5.1 - Municipal waste recycled (Tonnes) - EN_MWT_RCYV","Energy and Environment"
"Agricultural irrigated land (% of total agricultural land)","Energy and Environment"
"Annual freshwater withdrawals, agriculture (% of total freshwater withdrawal)","Energy and Environment"
"Annual freshwater withdrawals, total (billion cubic meters)","Energy and Environment"
"Annual precipitation","Energy and Environment"
"6.4.2 - Level of water stress: freshwater withdrawal as a proportion of available freshwater resources (%) - ER_H2O_STRESS - No breakdown","Energy and Environment"
"6.5.1 - Degree of integrated water resources management implementation (%) - ER_H2O_IWRMD","Energy and Environment"
"Annual freshwater withdrawals, industry (% of total freshwater withdrawal)","Energy and Environment"
"Annual freshwater withdrawals, domestic (% of total freshwater withdrawal)","Energy and Environment"
"Renewable internal freshwater resources per capita (cubic meters)...828","Energy and Environment"
"Renewable internal freshwater resources per capita (cubic meters)...829","Energy and Environment"
"6.3.1 - Proportion of safely treated domestic wastewater flows (%) - EN_WWT_WWDS","Energy and Environment"
"Water productivity, total (constant 2015 US$ GDP per cubic meter of total freshwater withdrawal)","Energy and Environment"
"Annual area burnt by wildfires","Energy and Environment"
"Annual area burnt per wildfire","Energy and Environment"
"Annual carbon dioxide emissions","Energy and Environment"
"Annual number of fires","Energy and Environment"
"Annual PM2.5 emissions from wildfires...838","Energy and Environment"
"Annual share of the total land area burnt by wildfires","Energy and Environment"
"Area burnt by wildfires","Energy and Environment"
"Share of the total land area burnt by wildfires","Energy and Environment"
"Food | 00002054 || Gross Production Value (constant 2014-2016 thousand US$) | 000058 || thousand US Dollar","Food and Agriculture"
"Meat, total | 00002943 || Food | 005142 || tonnes","Food and Agriculture"
"Meat, total | 00002943 || Waste in supply chain | 005123 || tonnes","Food and Agriculture"
"Almonds | 00000221 || Yield | 005412 || tonnes per hectare...847","Food and Agriculture"
"Meat, total | 00001765 || Producing or slaughtered animals | 005320 || animals","Food and Agriculture"
"Meat, beef and buffalo | 00001806 || Producing or slaughtered animals | 005320 || animals","Food and Agriculture"
"Fat, camels | 00001129 || Producing or slaughtered animals | 005320 || animals","Food and Agriculture"
"Meat, camel | 00001127 || Producing or slaughtered animals | 005320 || animals","Food and Agriculture"
"Offal, camels | 00001128 || Producing or slaughtered animals | 005320 || animals","Food and Agriculture"
"Cattle hides | 00000919 || Producing or slaughtered animals | 005320 || animals","Food and Agriculture"
"Offal, cattle | 00000868 || Producing or slaughtered animals | 005320 || animals","Food and Agriculture"
"Offal, goats | 00001018 || Producing or slaughtered animals | 005320 || animals","Food and Agriculture"
"Skins, goat | 00001025 || Producing or slaughtered animals | 005320 || animals","Food and Agriculture"
"Meat, horse | 00001097 || Producing or slaughtered animals | 005320 || animals","Food and Agriculture"
"Offal, horses | 00001098 || Producing or slaughtered animals | 005320 || animals","Food and Agriculture"
"Fat, pigs | 00001037 || Producing or slaughtered animals | 005320 || animals","Food and Agriculture"
"Offal, pigs | 00001036 || Producing or slaughtered animals | 005320 || animals","Food and Agriculture"
"Meat, poultry | 00001808 || Producing or slaughtered animals | 005321 || animals","Food and Agriculture"
"Meat, rabbit | 00001141 || Producing or slaughtered animals | 005321 || animals","Food and Agriculture"
"Meat, sheep and goat | 00001807 || Producing or slaughtered animals | 005320 || animals","Food and Agriculture"
"Offal, sheep | 00000978 || Producing or slaughtered animals | 005320 || animals","Food and Agriculture"
"Skins, sheep | 00000995 || Producing or slaughtered animals | 005320 || animals","Food and Agriculture"
"Fat, cattle | 00000869 || Producing or slaughtered animals | 005320 || animals","Food and Agriculture"
"Fat, goats | 00001019 || Producing or slaughtered animals | 005320 || animals","Food and Agriculture"
"Fat, sheep | 00000979 || Producing or slaughtered animals | 005320 || animals","Food and Agriculture"
"Apples | 00000515 || Production | 005510 || tonnes","Food and Agriculture"
"Apples | 00000515 || Yield | 005412 || tonnes per hectare","Food and Agriculture"
"Apples | 00002617 || Food | 005142 || tonnes","Food and Agriculture"
"Apples | 00002617 || Waste in supply chain | 005123 || tonnes","Food and Agriculture"
"Apricots | 00000526 || Yield | 005412 || tonnes per hectare","Food and Agriculture"
"Asparagus | 00000367 || Yield | 005412 || tonnes per hectare","Food and Agriculture"
"Avocados | 00000572 || Production | 005510 || tonnes","Food and Agriculture"
"Avocados | 00000572 || Yield | 005412 || tonnes per hectare","Food and Agriculture"
"Bananas | 00000486 || Production | 005510 || tonnes","Food and Agriculture"
"Bananas | 00000486 || Yield | 005412 || tonnes per hectare...890","Food and Agriculture"
"Bananas | 00002615 || Food | 005142 || tonnes","Food and Agriculture"
"Bananas | 00002615 || Waste in supply chain | 005123 || tonnes","Food and Agriculture"
"Barley | 00000044 || Production | 005510 || tonnes","Food and Agriculture"
"Barley | 00002513 || Feed | 005521 || tonnes","Food and Agriculture"
"Barley | 00002513 || Food | 005142 || tonnes","Food and Agriculture"
"Barley | 00002513 || Waste in supply chain | 005123 || tonnes","Food and Agriculture"
"Barley | 00000044 || Yield | 005412 || tonnes per hectare","Food and Agriculture"
"Beans, dry | 00000176 || Production | 005510 || tonnes","Food and Agriculture"
"Beans, dry | 00000176 || Yield | 005412 || tonnes per hectare...902","Food and Agriculture"
"Meat, beef and buffalo | 00001806 || Production | 005510 || tonnes...904","Food and Agriculture"
"Meat, beef and buffalo | 00002731 || Food | 005142 || tonnes","Food and Agriculture"
"Meat, beef and buffalo | 00002731 || Waste in supply chain | 005123 || tonnes","Food and Agriculture"
"Blueberries | 00000552 || Yield | 005412 || tonnes per hectare","Food and Agriculture"
"Broad beans | 00000181 || Yield | 005412 || tonnes per hectare","Food and Agriculture"
"Butter and ghee | 00002740 || Feed | 005521 || tonnes","Food and Agriculture"
"Butter and ghee | 00002740 || Food | 005142 || tonnes","Food and Agriculture"
"Cabbages | 00000358 || Yield | 005412 || tonnes per hectare","Food and Agriculture"
"Meat, camel | 00001127 || Production | 005510 || tonnes...916","Food and Agriculture"
"Carrots and turnips | 00000426 || Yield | 005412 || tonnes per hectare","Food and Agriculture"
"Cashew nuts | 00000217 || Production | 005510 || tonnes","Food and Agriculture"
"Cashew nuts | 00000217 || Yield | 005412 || tonnes per hectare...920","Food and Agriculture"
"Cassava | 00002532 || Other uses | 005154 || tonnes","Food and Agriculture"
"Cassava | 00000125 || Production | 005510 || tonnes","Food and Agriculture"
"Cassava | 00002532 || Feed | 005521 || tonnes","Food and Agriculture"
"Cassava | 00002532 || Food | 005142 || tonnes","Food and Agriculture"
"Cassava | 00002532 || Waste in supply chain | 005123 || tonnes","Food and Agriculture"
"Cassava | 00000125 || Yield | 005412 || tonnes per hectare...926","Food and Agriculture"
"Castor oil seed | 00000265 || Yield | 005412 || tonnes per hectare","Food and Agriculture"
"Cauliflowers and broccoli | 00000393 || Yield | 005412 || tonnes per hectare","Food and Agriculture"
"Cereals | 00001717 || Production | 005510 || tonnes","Food and Agriculture"
"Cereals | 00001717 || Yield | 005412 || tonnes per hectare...930","Food and Agriculture"
"Cherries | 00000531 || Yield | 005412 || tonnes per hectare","Food and Agriculture"
"Meat, chicken | 00001058 || Production | 005510 || tonnes...933","Food and Agriculture"
"Meat, chicken | 00001058 || Yield | 005424 || kilograms per animal...934","Food and Agriculture"
"Chickpeas | 00000191 || Yield | 005412 || tonnes per hectare","Food and Agriculture"
"Chillies and peppers | 00000689 || Yield | 005412 || tonnes per hectare","Food and Agriculture"
"Chillies and peppers | 00002641 || Food | 005142 || tonnes","Food and Agriculture"
"Chillies and peppers | 00002641 || Waste in supply chain | 005123 || tonnes","Food and Agriculture"
"Citrus Fruit | 00001804 || Yield | 005412 || tonnes per hectare","Food and Agriculture"
"Cocoa beans | 00000661 || Production | 005510 || tonnes","Food and Agriculture"
"Cocoa beans | 00002633 || Food | 005142 || tonnes","Food and Agriculture"
"Cocoa beans | 00002633 || Waste in supply chain | 005123 || tonnes","Food and Agriculture"
"Coconut oil | 00002578 || Other uses | 005154 || tonnes","Food and Agriculture"
"Coconut oil | 00000252 || Production | 005510 || tonnes","Food and Agriculture"
"Coconut oil | 00002578 || Food | 005142 || tonnes","Food and Agriculture"
"Coffee, green | 00000656 || Production | 005510 || tonnes","Food and Agriculture"
"Coffee, green | 00000656 || Yield | 005412 || tonnes per hectare...953","Food and Agriculture"
"Maize | 00002514 || Other uses | 005154 || tonnes","Food and Agriculture"
"Maize | 00002514 || Feed | 005521 || tonnes","Food and Agriculture"
"Maize | 00002514 || Food | 005142 || tonnes","Food and Agriculture"
"Maize | 00002514 || Waste in supply chain | 005123 || tonnes","Food and Agriculture"
"Cottonseed | 00002559 || Other uses | 005154 || tonnes","Food and Agriculture"
"Cottonseed oil | 00002575 || Other uses | 005154 || tonnes","Food and Agriculture"
"Cottonseed oil | 00000331 || Production | 005510 || tonnes","Food and Agriculture"
"Cottonseed oil | 00002575 || Food | 005142 || tonnes","Food and Agriculture"
"Cottonseed | 00002559 || Feed | 005521 || tonnes","Food and Agriculture"
"Cottonseed | 00002559 || Waste in supply chain | 005123 || tonnes","Food and Agriculture"
"Cow peas | 00000195 || Yield | 005412 || tonnes per hectare","Food and Agriculture"
"Cucumbers and gherkins | 00000397 || Yield | 005412 || tonnes per hectare","Food and Agriculture"
"Currants | 00000550 || Yield | 005412 || tonnes per hectare","Food and Agriculture"
"Meat, total | 00002943 || Food available for consumption | 0664pc || kilocalories per day per capita","Food and Agriculture"
"Apples | 00002617 || Food available for consumption | 0664pc || kilocalories per day per capita","Food and Agriculture"
"Bananas | 00002615 || Food available for consumption | 0664pc || kilocalories per day per capita","Food and Agriculture"
"Barley | 00002513 || Food available for consumption | 0664pc || kilocalories per day per capita...973","Food and Agriculture"
"Meat, beef and buffalo | 00002731 || Food available for consumption | 0664pc || kilocalories per day per capita...974","Food and Agriculture"
"Butter and ghee | 00002740 || Food available for consumption | 0664pc || kilocalories per day per capita","Food and Agriculture"
"Cassava | 00002532 || Food available for consumption | 0664pc || kilocalories per day per capita","Food and Agriculture"
"Chillies and peppers | 00002641 || Food available for consumption | 0664pc || kilocalories per day per capita","Food and Agriculture"
"Cocoa beans | 00002633 || Food available for consumption | 0664pc || kilocalories per day per capita","Food and Agriculture"
"Coconut oil | 00002578 || Food available for consumption | 0664pc || kilocalories per day per capita","Food and Agriculture"
"Maize | 00002514 || Food available for consumption | 0664pc || kilocalories per day per capita...980","Food and Agriculture"
"Cottonseed oil | 00002575 || Food available for consumption | 0664pc || kilocalories per day per capita","Food and Agriculture"
"Dates | 00002619 || Food available for consumption | 0664pc || kilocalories per day per capita","Food and Agriculture"
"Beans, dry | 00002546 || Food available for consumption | 0664pc || kilocalories per day per capita","Food and Agriculture"
"Peas, dry | 00002547 || Food available for consumption | 0664pc || kilocalories per day per capita","Food and Agriculture"
"Eggs | 00002949 || Food available for consumption | 0664pc || kilocalories per day per capita...986","Food and Agriculture"
"Fish and seafood | 00002960 || Food available for consumption | 0664pc || kilocalories per day per capita...987","Food and Agriculture"
"Fruit | 00002919 || Food available for consumption | 0664pc || kilocalories per day per capita...988","Food and Agriculture"
"Grapefruit | 00002613 || Food available for consumption | 0664pc || kilocalories per day per capita","Food and Agriculture"
"Groundnut oil | 00002572 || Food available for consumption | 0664pc || kilocalories per day per capita","Food and Agriculture"
"Groundnuts | 00002552 || Food available for consumption | 0664pc || kilocalories per day per capita","Food and Agriculture"
"Honey | 00002745 || Food available for consumption | 0664pc || kilocalories per day per capita","Food and Agriculture"
"Lemons and limes | 00002612 || Food available for consumption | 0664pc || kilocalories per day per capita","Food and Agriculture"
"Maize oil | 00002582 || Food available for consumption | 0664pc || kilocalories per day per capita","Food and Agriculture"
"Milk | 00002948 || Food available for consumption | 0664pc || kilocalories per day per capita...995","Food and Agriculture"
"Millet | 00002517 || Food available for consumption | 0664pc || kilocalories per day per capita","Food and Agriculture"
"Nuts | 00002551 || Food available for consumption | 0664pc || kilocalories per day per capita...997","Food and Agriculture"
"Oats | 00002516 || Food available for consumption | 0664pc || kilocalories per day per capita","Food and Agriculture"
"Offal | 00002736 || Food available for consumption | 0664pc || kilocalories per day per capita","Food and Agriculture"
"Oilcrops | 00002913 || Food available for consumption | 0664pc || kilocalories per day per capita...1000","Food and Agriculture"
"Olive oil | 00002580 || Food available for consumption | 0664pc || kilocalories per day per capita","Food and Agriculture"
"Olives | 00002563 || Food available for consumption | 0664pc || kilocalories per day per capita","Food and Agriculture"
"Onions | 00002602 || Food available for consumption | 0664pc || kilocalories per day per capita","Food and Agriculture"
"Oranges | 00002611 || Food available for consumption | 0664pc || kilocalories per day per capita","Food and Agriculture"
"Palm kernel oil | 00002576 || Food available for consumption | 0664pc || kilocalories per day per capita","Food and Agriculture"
"Pepper | 00002640 || Food available for consumption | 0664pc || kilocalories per day per capita","Food and Agriculture"
"Meat, pig | 00002733 || Food available for consumption | 0664pc || kilocalories per day per capita...1008","Food and Agriculture"
"Pineapples | 00002618 || Food available for consumption | 0664pc || kilocalories per day per capita","Food and Agriculture"
"Plantains | 00002616 || Food available for consumption | 0664pc || kilocalories per day per capita","Food and Agriculture"
"Potatoes | 00002531 || Food available for consumption | 0664pc || kilocalories per day per capita","Food and Agriculture"
"Meat, poultry | 00002734 || Food available for consumption | 0664pc || kilocalories per day per capita...1012","Food and Agriculture"
"Pulses | 00002911 || Food available for consumption | 0664pc || kilocalories per day per capita...1013","Food and Agriculture"
"Animal fats | 00002737 || Food available for consumption | 0664pc || kilocalories per day per capita","Food and Agriculture"
"Rice | 00002807 || Food available for consumption | 0664pc || kilocalories per day per capita...1015","Food and Agriculture"
"Rye | 00002515 || Food available for consumption | 0664pc || kilocalories per day per capita","Food and Agriculture"
"Sesame oil | 00002579 || Food available for consumption | 0664pc || kilocalories per day per capita","Food and Agriculture"
"Sesame seed | 00002561 || Food available for consumption | 0664pc || kilocalories per day per capita","Food and Agriculture"
"Meat, sheep and goat | 00002732 || Food available for consumption | 0664pc || kilocalories per day per capita...1019","Food and Agriculture"
"Sorghum | 00002518 || Food available for consumption | 0664pc || kilocalories per day per capita","Food and Agriculture"
"Soybean oil | 00002571 || Food available for consumption | 0664pc || kilocalories per day per capita","Food and Agriculture"
"Soybeans | 00002555 || Food available for consumption | 0664pc || kilocalories per day per capita","Food and Agriculture"
"Sugar beet | 00002537 || Food available for consumption | 0664pc || kilocalories per day per capita","Food and Agriculture"
"Sugar cane | 00002536 || Food available for consumption | 0664pc || kilocalories per day per capita","Food and Agriculture"
"Sugar crops | 00002908 || Food available for consumption | 0664pc || kilocalories per day per capita...1025","Food and Agriculture"
"Sunflower oil | 00002573 || Food available for consumption | 0664pc || kilocalories per day per capita","Food and Agriculture"
"Sunflower seed | 00002557 || Food available for consumption | 0664pc || kilocalories per day per capita","Food and Agriculture"
"Sweet potatoes | 00002533 || Food available for consumption | 0664pc || kilocalories per day per capita","Food and Agriculture"
"Tomatoes | 00002601 || Food available for consumption | 0664pc || kilocalories per day per capita","Food and Agriculture"
"Treenuts | 00002912 || Food available for consumption | 0664pc || kilocalories per day per capita","Food and Agriculture"
"Vegetables | 00002918 || Food available for consumption | 0664pc || kilocalories per day per capita...1031","Food and Agriculture"
"Wheat | 00002511 || Food available for consumption | 0664pc || kilocalories per day per capita...1032","Food and Agriculture"
"Wine | 00002655 || Food available for consumption | 0664pc || kilocalories per day per capita","Food and Agriculture"
"Yams | 00002535 || Food available for consumption | 0664pc || kilocalories per day per capita","Food and Agriculture"
"Meat, total | 00002943 || Food available for consumption | 0684pc || grams of fat per day per capita","Food and Agriculture"
"Apples | 00002617 || Food available for consumption | 0684pc || grams of fat per day per capita","Food and Agriculture"
"Bananas | 00002615 || Food available for consumption | 0684pc || grams of fat per day per capita","Food and Agriculture"
"Barley | 00002513 || Food available for consumption | 0684pc || grams of fat per day per capita","Food and Agriculture"
"Meat, beef and buffalo | 00002731 || Food available for consumption | 0684pc || grams of fat per day per capita","Food and Agriculture"
"Butter and ghee | 00002740 || Food available for consumption | 0684pc || grams of fat per day per capita","Food and Agriculture"
"Cassava | 00002532 || Food available for consumption | 0684pc || grams of fat per day per capita","Food and Agriculture"
"Chillies and peppers | 00002641 || Food available for consumption | 0684pc || grams of fat per day per capita","Food and Agriculture"
"Cocoa beans | 00002633 || Food available for consumption | 0684pc || grams of fat per day per capita","Food and Agriculture"
"Coconut oil | 00002578 || Food available for consumption | 0684pc || grams of fat per day per capita","Food and Agriculture"
"Maize | 00002514 || Food available for consumption | 0684pc || grams of fat per day per capita","Food and Agriculture"
"Cottonseed oil | 00002575 || Food available for consumption | 0684pc || grams of fat per day per capita","Food and Agriculture"
"Dates | 00002619 || Food available for consumption | 0684pc || grams of fat per day per capita","Food and Agriculture"
"Beans, dry | 00002546 || Food available for consumption | 0684pc || grams of fat per day per capita","Food and Agriculture"
"Peas, dry | 00002547 || Food available for consumption | 0684pc || grams of fat per day per capita","Food and Agriculture"
"Eggs | 00002949 || Food available for consumption | 0684pc || grams of fat per day per capita","Food and Agriculture"
"Fish and seafood | 00002960 || Food available for consumption | 0684pc || grams of fat per day per capita","Food and Agriculture"
"Fruit | 00002919 || Food available for consumption | 0684pc || grams of fat per day per capita","Food and Agriculture"
"Grapefruit | 00002613 || Food available for consumption | 0684pc || grams of fat per day per capita","Food and Agriculture"
"Groundnut oil | 00002572 || Food available for consumption | 0684pc || grams of fat per day per capita","Food and Agriculture"
"Groundnuts | 00002552 || Food available for consumption | 0684pc || grams of fat per day per capita","Food and Agriculture"
"Lemons and limes | 00002612 || Food available for consumption | 0684pc || grams of fat per day per capita","Food and Agriculture"
"Maize oil | 00002582 || Food available for consumption | 0684pc || grams of fat per day per capita","Food and Agriculture"
"Milk | 00002948 || Food available for consumption | 0684pc || grams of fat per day per capita","Food and Agriculture"
"Millet | 00002517 || Food available for consumption | 0684pc || grams of fat per day per capita","Food and Agriculture"
"Nuts | 00002551 || Food available for consumption | 0684pc || grams of fat per day per capita","Food and Agriculture"
"Oats | 00002516 || Food available for consumption | 0684pc || grams of fat per day per capita","Food and Agriculture"
"Offal | 00002736 || Food available for consumption | 0684pc || grams of fat per day per capita","Food and Agriculture"
"Oilcrops | 00002913 || Food available for consumption | 0684pc || grams of fat per day per capita","Food and Agriculture"
"Olive oil | 00002580 || Food available for consumption | 0684pc || grams of fat per day per capita","Food and Agriculture"
"Olives | 00002563 || Food available for consumption | 0684pc || grams of fat per day per capita","Food and Agriculture"
"Onions | 00002602 || Food available for consumption | 0684pc || grams of fat per day per capita","Food and Agriculture"
"Oranges | 00002611 || Food available for consumption | 0684pc || grams of fat per day per capita","Food and Agriculture"
"Palm kernel oil | 00002576 || Food available for consumption | 0684pc || grams of fat per day per capita","Food and Agriculture"
"Pepper | 00002640 || Food available for consumption | 0684pc || grams of fat per day per capita","Food and Agriculture"
"Meat, pig | 00002733 || Food available for consumption | 0684pc || grams of fat per day per capita","Food and Agriculture"
"Pineapples | 00002618 || Food available for consumption | 0684pc || grams of fat per day per capita","Food and Agriculture"
"Plantains | 00002616 || Food available for consumption | 0684pc || grams of fat per day per capita","Food and Agriculture"
"Potatoes | 00002531 || Food available for consumption | 0684pc || grams of fat per day per capita","Food and Agriculture"
"Meat, poultry | 00002734 || Food available for consumption | 0684pc || grams of fat per day per capita","Food and Agriculture"
"Pulses | 00002911 || Food available for consumption | 0684pc || grams of fat per day per capita","Food and Agriculture"
"Animal fats | 00002737 || Food available for consumption | 0684pc || grams of fat per day per capita","Food and Agriculture"
"Rice | 00002807 || Food available for consumption | 0684pc || grams of fat per day per capita","Food and Agriculture"
"Rye | 00002515 || Food available for consumption | 0684pc || grams of fat per day per capita","Food and Agriculture"
"Sesame oil | 00002579 || Food available for consumption | 0684pc || grams of fat per day per capita","Food and Agriculture"
"Sesame seed | 00002561 || Food available for consumption | 0684pc || grams of fat per day per capita","Food and Agriculture"
"Meat, sheep and goat | 00002732 || Food available for consumption | 0684pc || grams of fat per day per capita","Food and Agriculture"
"Sorghum | 00002518 || Food available for consumption | 0684pc || grams of fat per day per capita","Food and Agriculture"
"Soybean oil | 00002571 || Food available for consumption | 0684pc || grams of fat per day per capita","Food and Agriculture"
"Soybeans | 00002555 || Food available for consumption | 0684pc || grams of fat per day per capita","Food and Agriculture"
"Sugar cane | 00002536 || Food available for consumption | 0684pc || grams of fat per day per capita","Food and Agriculture"
"Sugar crops | 00002908 || Food available for consumption | 0684pc || grams of fat per day per capita","Food and Agriculture"
"Sunflower oil | 00002573 || Food available for consumption | 0684pc || grams of fat per day per capita","Food and Agriculture"
"Sunflower seed | 00002557 || Food available for consumption | 0684pc || grams of fat per day per capita","Food and Agriculture"
"Sweet potatoes | 00002533 || Food available for consumption | 0684pc || grams of fat per day per capita","Food and Agriculture"
"Tomatoes | 00002601 || Food available for consumption | 0684pc || grams of fat per day per capita","Food and Agriculture"
"Treenuts | 00002912 || Food available for consumption | 0684pc || grams of fat per day per capita","Food and Agriculture"
"Vegetables | 00002918 || Food available for consumption | 0684pc || grams of fat per day per capita","Food and Agriculture"
"Wheat | 00002511 || Food available for consumption | 0684pc || grams of fat per day per capita","Food and Agriculture"
"Yams | 00002535 || Food available for consumption | 0684pc || grams of fat per day per capita","Food and Agriculture"
"Meat, total | 00002943 || Food available for consumption | 0674pc || grams of protein per day per capita","Food and Agriculture"
"Apples | 00002617 || Food available for consumption | 0674pc || grams of protein per day per capita","Food and Agriculture"
"Bananas | 00002615 || Food available for consumption | 0674pc || grams of protein per day per capita","Food and Agriculture"
"Barley | 00002513 || Food available for consumption | 0674pc || grams of protein per day per capita","Food and Agriculture"
"Meat, beef and buffalo | 00002731 || Food available for consumption | 0674pc || grams of protein per day per capita","Food and Agriculture"
"Butter and ghee | 00002740 || Food available for consumption | 0674pc || grams of protein per day per capita","Food and Agriculture"
"Cassava | 00002532 || Food available for consumption | 0674pc || grams of protein per day per capita","Food and Agriculture"
"Chillies and peppers | 00002641 || Food available for consumption | 0674pc || grams of protein per day per capita","Food and Agriculture"
"Cocoa beans | 00002633 || Food available for consumption | 0674pc || grams of protein per day per capita","Food and Agriculture"
"Maize | 00002514 || Food available for consumption | 0674pc || grams of protein per day per capita","Food and Agriculture"
"Dates | 00002619 || Food available for consumption | 0674pc || grams of protein per day per capita","Food and Agriculture"
"Beans, dry | 00002546 || Food available for consumption | 0674pc || grams of protein per day per capita","Food and Agriculture"
"Peas, dry | 00002547 || Food available for consumption | 0674pc || grams of protein per day per capita","Food and Agriculture"
"Eggs | 00002949 || Food available for consumption | 0674pc || grams of protein per day per capita","Food and Agriculture"
"Fish and seafood | 00002960 || Food available for consumption | 0674pc || grams of protein per day per capita","Food and Agriculture"
"Fruit | 00002919 || Food available for consumption | 0674pc || grams of protein per day per capita","Food and Agriculture"
"Grapefruit | 00002613 || Food available for consumption | 0674pc || grams of protein per day per capita","Food and Agriculture"
"Groundnuts | 00002552 || Food available for consumption | 0674pc || grams of protein per day per capita","Food and Agriculture"
"Honey | 00002745 || Food available for consumption | 0674pc || grams of protein per day per capita","Food and Agriculture"
"Lemons and limes | 00002612 || Food available for consumption | 0674pc || grams of protein per day per capita","Food and Agriculture"
"Milk | 00002948 || Food available for consumption | 0674pc || grams of protein per day per capita","Food and Agriculture"
"Millet | 00002517 || Food available for consumption | 0674pc || grams of protein per day per capita","Food and Agriculture"
"Nuts | 00002551 || Food available for consumption | 0674pc || grams of protein per day per capita","Food and Agriculture"
"Oats | 00002516 || Food available for consumption | 0674pc || grams of protein per day per capita","Food and Agriculture"
"Offal | 00002736 || Food available for consumption | 0674pc || grams of protein per day per capita","Food and Agriculture"
"Oilcrops | 00002913 || Food available for consumption | 0674pc || grams of protein per day per capita","Food and Agriculture"
"Olives | 00002563 || Food available for consumption | 0674pc || grams of protein per day per capita","Food and Agriculture"
"Onions | 00002602 || Food available for consumption | 0674pc || grams of protein per day per capita","Food and Agriculture"
"Oranges | 00002611 || Food available for consumption | 0674pc || grams of protein per day per capita","Food and Agriculture"
"Pepper | 00002640 || Food available for consumption | 0674pc || grams of protein per day per capita","Food and Agriculture"
"Meat, pig | 00002733 || Food available for consumption | 0674pc || grams of protein per day per capita","Food and Agriculture"
"Pineapples | 00002618 || Food available for consumption | 0674pc || grams of protein per day per capita","Food and Agriculture"
"Plantains | 00002616 || Food available for consumption | 0674pc || grams of protein per day per capita","Food and Agriculture"
"Potatoes | 00002531 || Food available for consumption | 0674pc || grams of protein per day per capita","Food and Agriculture"
"Meat, poultry | 00002734 || Food available for consumption | 0674pc || grams of protein per day per capita","Food and Agriculture"
"Pulses | 00002911 || Food available for consumption | 0674pc || grams of protein per day per capita","Food and Agriculture"
"Animal fats | 00002737 || Food available for consumption | 0674pc || grams of protein per day per capita","Food and Agriculture"
"Rice | 00002807 || Food available for consumption | 0674pc || grams of protein per day per capita","Food and Agriculture"
"Rye | 00002515 || Food available for consumption | 0674pc || grams of protein per day per capita","Food and Agriculture"
"Sesame seed | 00002561 || Food available for consumption | 0674pc || grams of protein per day per capita","Food and Agriculture"
"Meat, sheep and goat | 00002732 || Food available for consumption | 0674pc || grams of protein per day per capita","Food and Agriculture"
"Sorghum | 00002518 || Food available for consumption | 0674pc || grams of protein per day per capita","Food and Agriculture"
"Soybeans | 00002555 || Food available for consumption | 0674pc || grams of protein per day per capita","Food and Agriculture"
"Sugar cane | 00002536 || Food available for consumption | 0674pc || grams of protein per day per capita","Food and Agriculture"
"Sugar crops | 00002908 || Food available for consumption | 0674pc || grams of protein per day per capita","Food and Agriculture"
"Sunflower seed | 00002557 || Food available for consumption | 0674pc || grams of protein per day per capita","Food and Agriculture"
"Sweet potatoes | 00002533 || Food available for consumption | 0674pc || grams of protein per day per capita","Food and Agriculture"
"Tomatoes | 00002601 || Food available for consumption | 0674pc || grams of protein per day per capita","Food and Agriculture"
"Treenuts | 00002912 || Food available for consumption | 0674pc || grams of protein per day per capita","Food and Agriculture"
"Vegetables | 00002918 || Food available for consumption | 0674pc || grams of protein per day per capita","Food and Agriculture"
"Wheat | 00002511 || Food available for consumption | 0674pc || grams of protein per day per capita","Food and Agriculture"
"Wine | 00002655 || Food available for consumption | 0674pc || grams of protein per day per capita","Food and Agriculture"
"Yams | 00002535 || Food available for consumption | 0674pc || grams of protein per day per capita","Food and Agriculture"
"Dates | 00000577 || Yield | 005412 || tonnes per hectare","Food and Agriculture"
"Dates | 00002619 || Food | 005142 || tonnes","Food and Agriculture"
"Dates | 00002619 || Waste in supply chain | 005123 || tonnes","Food and Agriculture"
"Meat, total | 00002943 || Domestic supply | 005301 || tonnes","Food and Agriculture"
"Apples | 00002617 || Domestic supply | 005301 || tonnes","Food and Agriculture"
"Bananas | 00002615 || Domestic supply | 005301 || tonnes","Food and Agriculture"
"Barley | 00002513 || Domestic supply | 005301 || tonnes","Food and Agriculture"
"Meat, beef and buffalo | 00002731 || Domestic supply | 005301 || tonnes","Food and Agriculture"
"Butter and ghee | 00002740 || Domestic supply | 005301 || tonnes","Food and Agriculture"
"Cassava | 00002532 || Domestic supply | 005301 || tonnes","Food and Agriculture"
"Chillies and peppers | 00002641 || Domestic supply | 005301 || tonnes","Food and Agriculture"
"Cocoa beans | 00002633 || Domestic supply | 005301 || tonnes","Food and Agriculture"
"Coconut oil | 00002578 || Domestic supply | 005301 || tonnes","Food and Agriculture"
"Maize | 00002514 || Domestic supply | 005301 || tonnes","Food and Agriculture"
"Cottonseed oil | 00002575 || Domestic supply | 005301 || tonnes","Food and Agriculture"
"Cottonseed | 00002559 || Domestic supply | 005301 || tonnes","Food and Agriculture"
"Dates | 00002619 || Domestic supply | 005301 || tonnes","Food and Agriculture"
"Beans, dry | 00002546 || Domestic supply | 005301 || tonnes","Food and Agriculture"
"Peas, dry | 00002547 || Domestic supply | 005301 || tonnes","Food and Agriculture"
"Eggs | 00002949 || Domestic supply | 005301 || tonnes","Food and Agriculture"
"Fish and seafood | 00002960 || Domestic supply | 005301 || tonnes","Food and Agriculture"
"Fruit | 00002919 || Domestic supply | 005301 || tonnes","Food and Agriculture"
"Grapefruit | 00002613 || Domestic supply | 005301 || tonnes","Food and Agriculture"
"Groundnut oil | 00002572 || Domestic supply | 005301 || tonnes","Food and Agriculture"
"Groundnuts | 00002552 || Domestic supply | 005301 || tonnes","Food and Agriculture"
"Honey | 00002745 || Domestic supply | 005301 || tonnes","Food and Agriculture"
"Lemons and limes | 00002612 || Domestic supply | 005301 || tonnes","Food and Agriculture"
"Maize oil | 00002582 || Domestic supply | 005301 || tonnes","Food and Agriculture"
"Milk | 00002948 || Domestic supply | 005301 || tonnes","Food and Agriculture"
"Millet | 00002517 || Domestic supply | 005301 || tonnes","Food and Agriculture"
"Nuts | 00002551 || Domestic supply | 005301 || tonnes","Food and Agriculture"
"Oats | 00002516 || Domestic supply | 005301 || tonnes","Food and Agriculture"
"Offal | 00002736 || Domestic supply | 005301 || tonnes","Food and Agriculture"
"Oilcrops | 00002913 || Domestic supply | 005301 || tonnes","Food and Agriculture"
"Olive oil | 00002580 || Domestic supply | 005301 || tonnes","Food and Agriculture"
"Olives | 00002563 || Domestic supply | 005301 || tonnes","Food and Agriculture"
"Onions | 00002602 || Domestic supply | 005301 || tonnes","Food and Agriculture"
"Oranges | 00002611 || Domestic supply | 005301 || tonnes","Food and Agriculture"
"Palm kernel oil | 00002576 || Domestic supply | 005301 || tonnes","Food and Agriculture"
"Palm kernels | 00002562 || Domestic supply | 005301 || tonnes","Food and Agriculture"
"Pepper | 00002640 || Domestic supply | 005301 || tonnes","Food and Agriculture"
"Meat, pig | 00002733 || Domestic supply | 005301 || tonnes","Food and Agriculture"
"Pineapples | 00002618 || Domestic supply | 005301 || tonnes","Food and Agriculture"
"Plantains | 00002616 || Domestic supply | 005301 || tonnes","Food and Agriculture"
"Potatoes | 00002531 || Domestic supply | 005301 || tonnes","Food and Agriculture"
"Meat, poultry | 00002734 || Domestic supply | 005301 || tonnes","Food and Agriculture"
"Pulses | 00002911 || Domestic supply | 005301 || tonnes","Food and Agriculture"
"Animal fats | 00002737 || Domestic supply | 005301 || tonnes","Food and Agriculture"
"Rice | 00002807 || Domestic supply | 005301 || tonnes","Food and Agriculture"
"Rye | 00002515 || Domestic supply | 005301 || tonnes","Food and Agriculture"
"Sesame oil | 00002579 || Domestic supply | 005301 || tonnes","Food and Agriculture"
"Sesame seed | 00002561 || Domestic supply | 005301 || tonnes","Food and Agriculture"
"Meat, sheep and goat | 00002732 || Domestic supply | 005301 || tonnes","Food and Agriculture"
"Sorghum | 00002518 || Domestic supply | 005301 || tonnes","Food and Agriculture"
"Soybean oil | 00002571 || Domestic supply | 005301 || tonnes","Food and Agriculture"
"Soybeans | 00002555 || Domestic supply | 005301 || tonnes","Food and Agriculture"
"Sugar beet | 00002537 || Domestic supply | 005301 || tonnes","Food and Agriculture"
"Sugar cane | 00002536 || Domestic supply | 005301 || tonnes","Food and Agriculture"
"Sugar crops | 00002908 || Domestic supply | 005301 || tonnes","Food and Agriculture"
"Sunflower oil | 00002573 || Domestic supply | 005301 || tonnes","Food and Agriculture"
"Sunflower seed | 00002557 || Domestic supply | 005301 || tonnes","Food and Agriculture"
"Sweet potatoes | 00002533 || Domestic supply | 005301 || tonnes","Food and Agriculture"
"Tomatoes | 00002601 || Domestic supply | 005301 || tonnes","Food and Agriculture"
"Treenuts | 00002912 || Domestic supply | 005301 || tonnes","Food and Agriculture"
"Vegetables | 00002918 || Domestic supply | 005301 || tonnes","Food and Agriculture"
"Wheat | 00002511 || Domestic supply | 005301 || tonnes","Food and Agriculture"
"Wine | 00002655 || Domestic supply | 005301 || tonnes","Food and Agriculture"
"Yams | 00002535 || Domestic supply | 005301 || tonnes","Food and Agriculture"
"Beans, dry | 00002546 || Feed | 005521 || tonnes","Food and Agriculture"
"Beans, dry | 00002546 || Food | 005142 || tonnes","Food and Agriculture"
"Beans, dry | 00002546 || Waste in supply chain | 005123 || tonnes","Food and Agriculture"
"Peas, dry | 00002547 || Feed | 005521 || tonnes","Food and Agriculture"
"Peas, dry | 00002547 || Food | 005142 || tonnes","Food and Agriculture"
"Peas, dry | 00002547 || Waste in supply chain | 005123 || tonnes","Food and Agriculture"
"Eggs from other birds (excl. hens) | 00001091 || Production | 005510 || tonnes","Food and Agriculture"
"Eggs from hens | 00001062 || Production | 005510 || tonnes","Food and Agriculture"
"Eggs | 00001783 || Yield | 005424 || kilograms per animal...1241","Food and Agriculture"
"Eggs from hens | 00001062 || Yield | 005424 || kilograms per animal","Food and Agriculture"
"Eggs | 00001783 || Production | 005510 || tonnes...1243","Food and Agriculture"
"Eggplants | 00000399 || Yield | 005412 || tonnes per hectare","Food and Agriculture"
"Eggs | 00002949 || Other uses | 005154 || tonnes","Food and Agriculture"
"Eggs | 00002949 || Food | 005142 || tonnes","Food and Agriculture"
"Eggs | 00002949 || Waste in supply chain | 005123 || tonnes","Food and Agriculture"
"Meat, total | 00002943 || Exports | 005911 || tonnes","Food and Agriculture"
"Apples | 00002617 || Exports | 005911 || tonnes","Food and Agriculture"
"Bananas | 00002615 || Exports | 005911 || tonnes","Food and Agriculture"
"Barley | 00002513 || Exports | 005911 || tonnes","Food and Agriculture"
"Meat, beef and buffalo | 00002731 || Exports | 005911 || tonnes","Food and Agriculture"
"Butter and ghee | 00002740 || Exports | 005911 || tonnes","Food and Agriculture"
"Cassava | 00002532 || Exports | 005911 || tonnes","Food and Agriculture"
"Chillies and peppers | 00002641 || Exports | 005911 || tonnes","Food and Agriculture"
"Cocoa beans | 00002633 || Exports | 005911 || tonnes","Food and Agriculture"
"Coconut oil | 00002578 || Exports | 005911 || tonnes","Food and Agriculture"
"Maize | 00002514 || Exports | 005911 || tonnes","Food and Agriculture"
"Cottonseed oil | 00002575 || Exports | 005911 || tonnes","Food and Agriculture"
"Cottonseed | 00002559 || Exports | 005911 || tonnes","Food and Agriculture"
"Dates | 00002619 || Exports | 005911 || tonnes","Food and Agriculture"
"Beans, dry | 00002546 || Exports | 005911 || tonnes","Food and Agriculture"
"Peas, dry | 00002547 || Exports | 005911 || tonnes","Food and Agriculture"
"Eggs | 00002949 || Exports | 005911 || tonnes","Food and Agriculture"
"Fish and seafood | 00002960 || Exports | 005911 || tonnes","Food and Agriculture"
"Fruit | 00002919 || Exports | 005911 || tonnes","Food and Agriculture"
"Grapefruit | 00002613 || Exports | 005911 || tonnes","Food and Agriculture"
"Groundnut oil | 00002572 || Exports | 005911 || tonnes","Food and Agriculture"
"Groundnuts | 00002552 || Exports | 005911 || tonnes","Food and Agriculture"
"Honey | 00002745 || Exports | 005911 || tonnes","Food and Agriculture"
"Lemons and limes | 00002612 || Exports | 005911 || tonnes","Food and Agriculture"
"Maize oil | 00002582 || Exports | 005911 || tonnes","Food and Agriculture"
"Milk | 00002948 || Exports | 005911 || tonnes","Food and Agriculture"
"Millet | 00002517 || Exports | 005911 || tonnes","Food and Agriculture"
"Nuts | 00002551 || Exports | 005911 || tonnes","Food and Agriculture"
"Oats | 00002516 || Exports | 005911 || tonnes","Food and Agriculture"
"Offal | 00002736 || Exports | 005911 || tonnes","Food and Agriculture"
"Oilcrops | 00002913 || Exports | 005911 || tonnes","Food and Agriculture"
"Olive oil | 00002580 || Exports | 005911 || tonnes","Food and Agriculture"
"Olives | 00002563 || Exports | 005911 || tonnes","Food and Agriculture"
"Onions | 00002602 || Exports | 005911 || tonnes","Food and Agriculture"
"Oranges | 00002611 || Exports | 005911 || tonnes","Food and Agriculture"
"Palm kernel oil | 00002576 || Exports | 005911 || tonnes","Food and Agriculture"
"Pepper | 00002640 || Exports | 005911 || tonnes","Food and Agriculture"
"Meat, pig | 00002733 || Exports | 005911 || tonnes","Food and Agriculture"
"Pineapples | 00002618 || Exports | 005911 || tonnes","Food and Agriculture"
"Plantains | 00002616 || Exports | 005911 || tonnes","Food and Agriculture"
"Potatoes | 00002531 || Exports | 005911 || tonnes","Food and Agriculture"
"Meat, poultry | 00002734 || Exports | 005911 || tonnes","Food and Agriculture"
"Pulses | 00002911 || Exports | 005911 || tonnes","Food and Agriculture"
"Animal fats | 00002737 || Exports | 005911 || tonnes","Food and Agriculture"
"Rice | 00002807 || Exports | 005911 || tonnes","Food and Agriculture"
"Rye | 00002515 || Exports | 005911 || tonnes","Food and Agriculture"
"Sesame oil | 00002579 || Exports | 005911 || tonnes","Food and Agriculture"
"Sesame seed | 00002561 || Exports | 005911 || tonnes","Food and Agriculture"
"Meat, sheep and goat | 00002732 || Exports | 005911 || tonnes","Food and Agriculture"
"Sorghum | 00002518 || Exports | 005911 || tonnes","Food and Agriculture"
"Soybean oil | 00002571 || Exports | 005911 || tonnes","Food and Agriculture"
"Soybeans | 00002555 || Exports | 005911 || tonnes","Food and Agriculture"
"Sugar beet | 00002537 || Exports | 005911 || tonnes","Food and Agriculture"
"Sugar cane | 00002536 || Exports | 005911 || tonnes","Food and Agriculture"
"Sugar crops | 00002908 || Exports | 005911 || tonnes","Food and Agriculture"
"Sunflower oil | 00002573 || Exports | 005911 || tonnes","Food and Agriculture"
"Sunflower seed | 00002557 || Exports | 005911 || tonnes","Food and Agriculture"
"Sweet potatoes | 00002533 || Exports | 005911 || tonnes","Food and Agriculture"
"Tomatoes | 00002601 || Exports | 005911 || tonnes","Food and Agriculture"
"Treenuts | 00002912 || Exports | 005911 || tonnes","Food and Agriculture"
"Vegetables | 00002918 || Exports | 005911 || tonnes","Food and Agriculture"
"Wheat | 00002511 || Exports | 005911 || tonnes","Food and Agriculture"
"Wine | 00002655 || Exports | 005911 || tonnes","Food and Agriculture"
"Yams | 00002535 || Exports | 005911 || tonnes","Food and Agriculture"
"Fish and seafood | 00002960 || Other uses | 005154 || tonnes","Food and Agriculture"
"Fish and seafood | 00002960 || Feed | 005521 || tonnes","Food and Agriculture"
"Fish and seafood | 00002960 || Food | 005142 || tonnes","Food and Agriculture"
"Fruit | 00002919 || Feed | 005521 || tonnes","Food and Agriculture"
"Fruit | 00002919 || Food | 005142 || tonnes","Food and Agriculture"
"Fruit | 00002919 || Waste in supply chain | 005123 || tonnes","Food and Agriculture"
"Fruit | 00001738 || Yield | 005412 || tonnes per hectare","Food and Agriculture"
"Meat, game | 00001163 || Production | 005510 || tonnes...1324","Food and Agriculture"
"Garlic | 00000406 || Yield | 005412 || tonnes per hectare","Food and Agriculture"
"Grapes | 00000560 || Production | 005510 || tonnes...1326","Food and Agriculture"
"Grapes | 00000560 || Yield | 005412 || tonnes per hectare","Food and Agriculture"
"Grapefruit | 00002613 || Food | 005142 || tonnes","Food and Agriculture"
"Grapefruit | 00002613 || Waste in supply chain | 005123 || tonnes","Food and Agriculture"
"Grapefruit | 00000507 || Yield | 005412 || tonnes per hectare","Food and Agriculture"
"Grapes | 00000560 || Production | 005510 || tonnes...1332","Food and Agriculture"
"Beans, green | 00000414 || Yield | 005412 || tonnes per hectare","Food and Agriculture"
"Green maize | 00000446 || Yield | 005412 || tonnes per hectare","Food and Agriculture"
"Peas, green | 00000417 || Yield | 005412 || tonnes per hectare","Food and Agriculture"
"Groundnut oil | 00000244 || Production | 005510 || tonnes","Food and Agriculture"
"Groundnut oil | 00002572 || Food | 005142 || tonnes","Food and Agriculture"
"Groundnuts | 00000242 || Yield | 005412 || tonnes per hectare...1341","Food and Agriculture"
"Groundnuts | 00002552 || Food | 005142 || tonnes","Food and Agriculture"
"Groundnuts | 00002552 || Waste in supply chain | 005123 || tonnes","Food and Agriculture"
"Hazelnuts | 00000225 || Yield | 005412 || tonnes per hectare","Food and Agriculture"
"Honey | 00002745 || Food | 005142 || tonnes","Food and Agriculture"
"Honey | 00002745 || Waste in supply chain | 005123 || tonnes","Food and Agriculture"
"Meat, horse | 00001097 || Production | 005510 || tonnes...1350","Food and Agriculture"
"Meat, total | 00002943 || Imports | 005611 || tonnes","Food and Agriculture"
"Apples | 00002617 || Imports | 005611 || tonnes","Food and Agriculture"
"Bananas | 00002615 || Imports | 005611 || tonnes","Food and Agriculture"
"Barley | 00002513 || Imports | 005611 || tonnes","Food and Agriculture"
"Meat, beef and buffalo | 00002731 || Imports | 005611 || tonnes","Food and Agriculture"
"Butter and ghee | 00002740 || Imports | 005611 || tonnes","Food and Agriculture"
"Cassava | 00002532 || Imports | 005611 || tonnes","Food and Agriculture"
"Chillies and peppers | 00002641 || Imports | 005611 || tonnes","Food and Agriculture"
"Cocoa beans | 00002633 || Imports | 005611 || tonnes","Food and Agriculture"
"Coconut oil | 00002578 || Imports | 005611 || tonnes","Food and Agriculture"
"Maize | 00002514 || Imports | 005611 || tonnes","Food and Agriculture"
"Cottonseed oil | 00002575 || Imports | 005611 || tonnes","Food and Agriculture"
"Cottonseed | 00002559 || Imports | 005611 || tonnes","Food and Agriculture"
"Dates | 00002619 || Imports | 005611 || tonnes","Food and Agriculture"
"Beans, dry | 00002546 || Imports | 005611 || tonnes","Food and Agriculture"
"Peas, dry | 00002547 || Imports | 005611 || tonnes","Food and Agriculture"
"Eggs | 00002949 || Imports | 005611 || tonnes","Food and Agriculture"
"Fish and seafood | 00002960 || Imports | 005611 || tonnes","Food and Agriculture"
"Fruit | 00002919 || Imports | 005611 || tonnes","Food and Agriculture"
"Grapefruit | 00002613 || Imports | 005611 || tonnes","Food and Agriculture"
"Groundnut oil | 00002572 || Imports | 005611 || tonnes","Food and Agriculture"
"Groundnuts | 00002552 || Imports | 005611 || tonnes","Food and Agriculture"
"Honey | 00002745 || Imports | 005611 || tonnes","Food and Agriculture"
"Lemons and limes | 00002612 || Imports | 005611 || tonnes","Food and Agriculture"
"Maize oil | 00002582 || Imports | 005611 || tonnes","Food and Agriculture"
"Milk | 00002948 || Imports | 005611 || tonnes","Food and Agriculture"
"Millet | 00002517 || Imports | 005611 || tonnes","Food and Agriculture"
"Nuts | 00002551 || Imports | 005611 || tonnes","Food and Agriculture"
"Oats | 00002516 || Imports | 005611 || tonnes","Food and Agriculture"
"Offal | 00002736 || Imports | 005611 || tonnes","Food and Agriculture"
"Oilcrops | 00002913 || Imports | 005611 || tonnes","Food and Agriculture"
"Olive oil | 00002580 || Imports | 005611 || tonnes","Food and Agriculture"
"Olives | 00002563 || Imports | 005611 || tonnes","Food and Agriculture"
"Onions | 00002602 || Imports | 005611 || tonnes","Food and Agriculture"
"Oranges | 00002611 || Imports | 005611 || tonnes","Food and Agriculture"
"Palm kernel oil | 00002576 || Imports | 005611 || tonnes","Food and Agriculture"
"Pepper | 00002640 || Imports | 005611 || tonnes","Food and Agriculture"
"Meat, pig | 00002733 || Imports | 005611 || tonnes","Food and Agriculture"
"Pineapples | 00002618 || Imports | 005611 || tonnes","Food and Agriculture"
"Plantains | 00002616 || Imports | 005611 || tonnes","Food and Agriculture"
"Potatoes | 00002531 || Imports | 005611 || tonnes","Food and Agriculture"
"Meat, poultry | 00002734 || Imports | 005611 || tonnes","Food and Agriculture"
"Pulses | 00002911 || Imports | 005611 || tonnes","Food and Agriculture"
"Animal fats | 00002737 || Imports | 005611 || tonnes","Food and Agriculture"
"Rice | 00002807 || Imports | 005611 || tonnes","Food and Agriculture"
"Rye | 00002515 || Imports | 005611 || tonnes","Food and Agriculture"
"Sesame oil | 00002579 || Imports | 005611 || tonnes","Food and Agriculture"
"Sesame seed | 00002561 || Imports | 005611 || tonnes","Food and Agriculture"
"Meat, sheep and goat | 00002732 || Imports | 005611 || tonnes","Food and Agriculture"
"Sorghum | 00002518 || Imports | 005611 || tonnes","Food and Agriculture"
"Soybean oil | 00002571 || Imports | 005611 || tonnes","Food and Agriculture"
"Soybeans | 00002555 || Imports | 005611 || tonnes","Food and Agriculture"
"Sugar beet | 00002537 || Imports | 005611 || tonnes","Food and Agriculture"
"Sugar cane | 00002536 || Imports | 005611 || tonnes","Food and Agriculture"
"Sugar crops | 00002908 || Imports | 005611 || tonnes","Food and Agriculture"
"Sunflower oil | 00002573 || Imports | 005611 || tonnes","Food and Agriculture"
"Sunflower seed | 00002557 || Imports | 005611 || tonnes","Food and Agriculture"
"Sweet potatoes | 00002533 || Imports | 005611 || tonnes","Food and Agriculture"
"Tomatoes | 00002601 || Imports | 005611 || tonnes","Food and Agriculture"
"Treenuts | 00002912 || Imports | 005611 || tonnes","Food and Agriculture"
"Vegetables | 00002918 || Imports | 005611 || tonnes","Food and Agriculture"
"Wheat | 00002511 || Imports | 005611 || tonnes","Food and Agriculture"
"Wine | 00002655 || Imports | 005611 || tonnes","Food and Agriculture"
"Yams | 00002535 || Imports | 005611 || tonnes","Food and Agriculture"
"Apples | 00000515 || Area harvested | 005312 || hectares","Food and Agriculture"
"Bananas | 00000486 || Area harvested | 005312 || hectares","Food and Agriculture"
"Barley | 00000044 || Area harvested | 005312 || hectares","Food and Agriculture"
"Beans, dry | 00000176 || Area harvested | 005312 || hectares","Food and Agriculture"
"Cassava | 00000125 || Area harvested | 005312 || hectares","Food and Agriculture"
"Castor oil seed | 00000265 || Area harvested | 005312 || hectares","Food and Agriculture"
"Cereals | 00001717 || Area harvested | 005312 || hectares","Food and Agriculture"
"Maize | 00000056 || Area harvested | 005312 || hectares","Food and Agriculture"
"Groundnuts | 00000242 || Area harvested | 005312 || hectares","Food and Agriculture"
"Linseed | 00000333 || Area harvested | 005312 || hectares","Food and Agriculture"
"Olives | 00000260 || Area harvested | 005312 || hectares","Food and Agriculture"
"Oranges | 00000490 || Area harvested | 005312 || hectares","Food and Agriculture"
"Palm fruit oil | 00000254 || Area harvested | 005312 || hectares...1433","Food and Agriculture"
"Peas, dry | 00000187 || Area harvested | 005312 || hectares","Food and Agriculture"
"Potatoes | 00000116 || Area harvested | 005312 || hectares","Food and Agriculture"
"Rapeseed | 00000270 || Area harvested | 005312 || hectares","Food and Agriculture"
"Rice | 00000027 || Area harvested | 005312 || hectares","Food and Agriculture"
"Rye | 00000071 || Area harvested | 005312 || hectares","Food and Agriculture"
"Seed cotton | 00000328 || Area harvested | 005312 || hectares","Food and Agriculture"
"Sesame seed | 00000289 || Area harvested | 005312 || hectares","Food and Agriculture"
"Soybeans | 00000236 || Area harvested | 005312 || hectares","Food and Agriculture"
"Sugar beet | 00000157 || Area harvested | 005312 || hectares","Food and Agriculture"
"Sugar cane | 00000156 || Area harvested | 005312 || hectares","Food and Agriculture"
"Sunflower seed | 00000267 || Area harvested | 005312 || hectares","Food and Agriculture"
"Tomatoes | 00000388 || Area harvested | 005312 || hectares","Food and Agriculture"
"Wheat | 00000015 || Area harvested | 005312 || hectares","Food and Agriculture"
"Almonds | 00000221 || Area harvested | 005312 || hectares","Food and Agriculture"
"Apricots | 00000526 || Area harvested | 005312 || hectares","Food and Agriculture"
"Artichokes | 00000366 || Area harvested | 005312 || hectares","Food and Agriculture"
"Asparagus | 00000367 || Area harvested | 005312 || hectares","Food and Agriculture"
"Avocados | 00000572 || Area harvested | 005312 || hectares","Food and Agriculture"
"Blueberries | 00000552 || Area harvested | 005312 || hectares","Food and Agriculture"
"Broad beans | 00000181 || Area harvested | 005312 || hectares","Food and Agriculture"
"Cabbages | 00000358 || Area harvested | 005312 || hectares","Food and Agriculture"
"Carrots and turnips | 00000426 || Area harvested | 005312 || hectares","Food and Agriculture"
"Cashew nuts | 00000217 || Area harvested | 005312 || hectares","Food and Agriculture"
"Cauliflowers and broccoli | 00000393 || Area harvested | 005312 || hectares","Food and Agriculture"
"Cherries | 00000531 || Area harvested | 005312 || hectares","Food and Agriculture"
"Chestnut | 00000220 || Area harvested | 005312 || hectares","Food and Agriculture"
"Chickpeas | 00000191 || Area harvested | 005312 || hectares","Food and Agriculture"
"Chillies and peppers | 00000689 || Area harvested | 005312 || hectares","Food and Agriculture"
"Citrus Fruit | 00001804 || Area harvested | 005312 || hectares","Food and Agriculture"
"Cow peas | 00000195 || Area harvested | 005312 || hectares","Food and Agriculture"
"Cucumbers and gherkins | 00000397 || Area harvested | 005312 || hectares","Food and Agriculture"
"Currants | 00000550 || Area harvested | 005312 || hectares","Food and Agriculture"
"Dates | 00000577 || Area harvested | 005312 || hectares","Food and Agriculture"
"Lentils | 00000201 || Area harvested | 005312 || hectares","Food and Agriculture"
"Eggplants | 00000399 || Area harvested | 005312 || hectares","Food and Agriculture"
"Fruit | 00001738 || Area harvested | 005312 || hectares","Food and Agriculture"
"Garlic | 00000406 || Area harvested | 005312 || hectares","Food and Agriculture"
"Grapefruit | 00000507 || Area harvested | 005312 || hectares","Food and Agriculture"
"Grapes | 00000560 || Area harvested | 005312 || hectares","Food and Agriculture"
"Beans, green | 00000414 || Area harvested | 005312 || hectares","Food and Agriculture"
"Coffee, green | 00000656 || Area harvested | 005312 || hectares","Food and Agriculture"
"Green maize | 00000446 || Area harvested | 005312 || hectares","Food and Agriculture"
"Peas, green | 00000417 || Area harvested | 005312 || hectares","Food and Agriculture"
"Hazelnuts | 00000225 || Area harvested | 005312 || hectares","Food and Agriculture"
"Kiwi | 00000592 || Area harvested | 005312 || hectares","Food and Agriculture"
"Leeks | 00000407 || Area harvested | 005312 || hectares","Food and Agriculture"
"Lemons and limes | 00000497 || Area harvested | 005312 || hectares","Food and Agriculture"
"Lettuce | 00000372 || Area harvested | 005312 || hectares","Food and Agriculture"
"Mangoes | 00000571 || Area harvested | 005312 || hectares","Food and Agriculture"
"Melon | 00000568 || Area harvested | 005312 || hectares","Food and Agriculture"
"Millet | 00000079 || Area harvested | 005312 || hectares","Food and Agriculture"
"Mixed grains | 00000103 || Area harvested | 005312 || hectares","Food and Agriculture"
"Oats | 00000075 || Area harvested | 005312 || hectares","Food and Agriculture"
"Oilcrops, Cake Equivalent | 00001841 || Area harvested | 005312 || hectares","Food and Agriculture"
"Oilcrops, Oil Equivalent | 00001732 || Area harvested | 005312 || hectares","Food and Agriculture"
"Okra | 00000430 || Area harvested | 005312 || hectares","Food and Agriculture"
"Onions | 00000403 || Area harvested | 005312 || hectares","Food and Agriculture"
"Papayas | 00000600 || Area harvested | 005312 || hectares","Food and Agriculture"
"Peaches and nectarines | 00000534 || Area harvested | 005312 || hectares","Food and Agriculture"
"Pears | 00000521 || Area harvested | 005312 || hectares","Food and Agriculture"
"Pepper | 00000687 || Area harvested | 005312 || hectares","Food and Agriculture"
"Pineapples | 00000574 || Area harvested | 005312 || hectares","Food and Agriculture"
"Plantains | 00000489 || Area harvested | 005312 || hectares","Food and Agriculture"
"Plums | 00000536 || Area harvested | 005312 || hectares","Food and Agriculture"
"Pulses | 00001726 || Area harvested | 005312 || hectares","Food and Agriculture"
"Raspberries | 00000547 || Area harvested | 005312 || hectares","Food and Agriculture"
"Roots and tubers | 00001720 || Area harvested | 005312 || hectares","Food and Agriculture"
"Sorghum | 00000083 || Area harvested | 005312 || hectares","Food and Agriculture"
"Spinach | 00000373 || Area harvested | 005312 || hectares","Food and Agriculture"
"Strawberries | 00000544 || Area harvested | 005312 || hectares","Food and Agriculture"
"Sugar crops | 00001723 || Area harvested | 005312 || hectares","Food and Agriculture"
"Sweet potatoes | 00000122 || Area harvested | 005312 || hectares","Food and Agriculture"
"Tangerines | 00000495 || Area harvested | 005312 || hectares","Food and Agriculture"
"Tobacco | 00000826 || Area harvested | 005312 || hectares","Food and Agriculture"
"Treenuts | 00001729 || Area harvested | 005312 || hectares","Food and Agriculture"
"Vegetables | 00001735 || Area harvested | 005312 || hectares","Food and Agriculture"
"Walnuts | 00000222 || Area harvested | 005312 || hectares","Food and Agriculture"
"Watermelons | 00000567 || Area harvested | 005312 || hectares","Food and Agriculture"
"Yams | 00000137 || Area harvested | 005312 || hectares","Food and Agriculture"
"Eggs | 00001783 || Laying | 005313 || animals","Food and Agriculture"
"Leeks | 00000407 || Yield | 005412 || tonnes per hectare","Food and Agriculture"
"Lemons and limes | 00000497 || Yield | 005412 || tonnes per hectare","Food and Agriculture"
"Lemons and limes | 00002612 || Food | 005142 || tonnes","Food and Agriculture"
"Lemons and limes | 00002612 || Waste in supply chain | 005123 || tonnes","Food and Agriculture"
"Lentils | 00000201 || Yield | 005412 || tonnes per hectare","Food and Agriculture"
"Lettuce | 00000372 || Yield | 005412 || tonnes per hectare...1538","Food and Agriculture"
"Linseed oil | 00000334 || Production | 005510 || tonnes","Food and Agriculture"
"Linseed | 00000333 || Yield | 005412 || tonnes per hectare","Food and Agriculture"
"Maize oil | 00000060 || Production | 005510 || tonnes","Food and Agriculture"
"Maize oil | 00002582 || Food | 005142 || tonnes","Food and Agriculture"
"Maize | 00000056 || Production | 005510 || tonnes","Food and Agriculture"
"Maize | 00000056 || Yield | 005412 || tonnes per hectare","Food and Agriculture"
"Mangoes | 00000571 || Yield | 005412 || tonnes per hectare","Food and Agriculture"
"Melon | 00000568 || Yield | 005412 || tonnes per hectare","Food and Agriculture"
"Milk | 00002948 || Other uses | 005154 || tonnes","Food and Agriculture"
"Milk | 00001780 || Production | 005510 || tonnes...1551","Food and Agriculture"
"Milk | 00002948 || Feed | 005521 || tonnes","Food and Agriculture"
"Milk | 00002948 || Food | 005142 || tonnes","Food and Agriculture"
"Milk | 00002948 || Waste in supply chain | 005123 || tonnes","Food and Agriculture"
"Millet | 00002517 || Feed | 005521 || tonnes","Food and Agriculture"
"Millet | 00002517 || Food | 005142 || tonnes","Food and Agriculture"
"Millet | 00002517 || Waste in supply chain | 005123 || tonnes","Food and Agriculture"
"Millet | 00000079 || Yield | 005412 || tonnes per hectare...1559","Food and Agriculture"
"Milk | 00001780 || Milk animals | 005318 || animals","Food and Agriculture"
"Meat, chicken | 00001058 || Producing or slaughtered animals | 005321 || animals","Food and Agriculture"
"Meat, duck | 00001069 || Producing or slaughtered animals | 005321 || animals","Food and Agriculture"
"Eggs from other birds (excl. hens) | 00001091 || Eggs produced | 005513 || eggs","Food and Agriculture"
"Eggs from hens | 00001062 || Eggs produced | 005513 || eggs","Food and Agriculture"
"Eggs from hens | 00001062 || Eggs per bird | 005413 || eggs per bird","Food and Agriculture"
"Meat, goat | 00001017 || Producing or slaughtered animals | 005320 || animals","Food and Agriculture"
"Eggs from hens | 00001062 || Laying | 005313 || animals","Food and Agriculture"
"Meat, pig | 00001035 || Producing or slaughtered animals | 005320 || animals","Food and Agriculture"
"Meat, lamb and mutton | 00000977 || Producing or slaughtered animals | 005320 || animals","Food and Agriculture"
"Meat, turkey | 00001080 || Producing or slaughtered animals | 005321 || animals","Food and Agriculture"
"Nuts | 00002551 || Food | 005142 || tonnes","Food and Agriculture"
"Nuts | 00002551 || Waste in supply chain | 005123 || tonnes","Food and Agriculture"
"Oats | 00000075 || Yield | 005412 || tonnes per hectare","Food and Agriculture"
"Oats | 00002516 || Feed | 005521 || tonnes","Food and Agriculture"
"Oats | 00002516 || Food | 005142 || tonnes","Food and Agriculture"
"Oats | 00002516 || Waste in supply chain | 005123 || tonnes","Food and Agriculture"
"Offal | 00002736 || Food | 005142 || tonnes","Food and Agriculture"
"Offal | 00002736 || Waste in supply chain | 005123 || tonnes","Food and Agriculture"
"Oilcrops, Cake Equivalent | 00001841 || Yield | 005412 || tonnes per hectare","Food and Agriculture"
"Oilcrops | 00002913 || Other uses | 005154 || tonnes","Food and Agriculture"
"Oilcrops | 00002913 || Feed | 005521 || tonnes","Food and Agriculture"
"Oilcrops | 00002913 || Food | 005142 || tonnes","Food and Agriculture"
"Oilcrops | 00002913 || Waste in supply chain | 005123 || tonnes","Food and Agriculture"
"Oilcrops, Oil Equivalent | 00001732 || Yield | 005412 || tonnes per hectare","Food and Agriculture"
"Okra | 00000430 || Yield | 005412 || tonnes per hectare","Food and Agriculture"
"Olive oil | 00002580 || Other uses | 005154 || tonnes","Food and Agriculture"
"Olive oil | 00000261 || Production | 005510 || tonnes","Food and Agriculture"
"Olive oil | 00002580 || Food | 005142 || tonnes","Food and Agriculture"
"Olives | 00000260 || Yield | 005412 || tonnes per hectare","Food and Agriculture"
"Olives | 00002563 || Food | 005142 || tonnes","Food and Agriculture"
"Olives | 00002563 || Waste in supply chain | 005123 || tonnes","Food and Agriculture"
"Onions | 00000403 || Yield | 005412 || tonnes per hectare","Food and Agriculture"
"Onions | 00002602 || Food | 005142 || tonnes","Food and Agriculture"
"Onions | 00002602 || Waste in supply chain | 005123 || tonnes","Food and Agriculture"
"Oranges | 00000490 || Production | 005510 || tonnes","Food and Agriculture"
"Oranges | 00000490 || Yield | 005412 || tonnes per hectare...1610","Food and Agriculture"
"Oranges | 00002611 || Food | 005142 || tonnes","Food and Agriculture"
"Oranges | 00002611 || Waste in supply chain | 005123 || tonnes","Food and Agriculture"
"Palm fruit oil | 00000254 || Production | 005510 || tonnes","Food and Agriculture"
"Palm fruit oil | 00000254 || Yield | 005412 || tonnes per hectare...1616","Food and Agriculture"
"Palm kernel oil | 00002576 || Other uses | 005154 || tonnes","Food and Agriculture"
"Palm kernel oil | 00000258 || Production | 005510 || tonnes","Food and Agriculture"
"Palm kernel oil | 00002576 || Food | 005142 || tonnes","Food and Agriculture"
"Palm kernels | 00002562 || Waste in supply chain | 005123 || tonnes","Food and Agriculture"
"Palm oil | 00000257 || Production | 005510 || tonnes","Food and Agriculture"
"Papayas | 00000600 || Yield | 005412 || tonnes per hectare","Food and Agriculture"
"Peas, dry | 00000187 || Production | 005510 || tonnes","Food and Agriculture"
"Peas, dry | 00000187 || Yield | 005412 || tonnes per hectare...1629","Food and Agriculture"
"Peaches and nectarines | 00000534 || Yield | 005412 || tonnes per hectare","Food and Agriculture"
"Pears | 00000521 || Yield | 005412 || tonnes per hectare","Food and Agriculture"
"Pepper | 00002640 || Food | 005142 || tonnes","Food and Agriculture"
"Pepper | 00002640 || Waste in supply chain | 005123 || tonnes","Food and Agriculture"
"Pepper | 00000687 || Yield | 005412 || tonnes per hectare","Food and Agriculture"
"Meat, pig | 00001035 || Production | 005510 || tonnes...1637","Food and Agriculture"
"Meat, pig | 00002733 || Food | 005142 || tonnes","Food and Agriculture"
"Meat, pig | 00001035 || Yield | 005417 || kilograms per animal...1640","Food and Agriculture"
"Pineapples | 00000574 || Yield | 005412 || tonnes per hectare","Food and Agriculture"
"Pineapples | 00002618 || Food | 005142 || tonnes","Food and Agriculture"
"Pineapples | 00002618 || Waste in supply chain | 005123 || tonnes","Food and Agriculture"
"Plantains | 00000489 || Yield | 005412 || tonnes per hectare","Food and Agriculture"
"Plantains | 00002616 || Food | 005142 || tonnes","Food and Agriculture"
"Plantains | 00002616 || Waste in supply chain | 005123 || tonnes","Food and Agriculture"
"Plums | 00000536 || Yield | 005412 || tonnes per hectare","Food and Agriculture"
"Potatoes | 00000116 || Production | 005510 || tonnes","Food and Agriculture"
"Potatoes | 00000116 || Yield | 005412 || tonnes per hectare","Food and Agriculture"
"Potatoes | 00002531 || Other uses | 005154 || tonnes","Food and Agriculture"
"Potatoes | 00002531 || Feed | 005521 || tonnes","Food and Agriculture"
"Potatoes | 00002531 || Food | 005142 || tonnes","Food and Agriculture"
"Potatoes | 00002531 || Waste in supply chain | 005123 || tonnes","Food and Agriculture"
"Meat, poultry | 00001808 || Production | 005510 || tonnes...1661","Food and Agriculture"
"Meat, poultry | 00002734 || Food | 005142 || tonnes","Food and Agriculture"
"Meat, poultry | 00001808 || Yield | 005424 || kilograms per animal...1665","Food and Agriculture"
"Almonds | 00000221 || Production | 005510 || tonnes","Food and Agriculture"
"Apricots | 00000526 || Production | 005510 || tonnes","Food and Agriculture"
"Artichokes | 00000366 || Production | 005510 || tonnes","Food and Agriculture"
"Asparagus | 00000367 || Production | 005510 || tonnes","Food and Agriculture"
"Meat, beef and buffalo | 00001806 || Yield | 005417 || kilograms per animal","Food and Agriculture"
"Beeswax | 00001183 || Production | 005510 || tonnes","Food and Agriculture"
"Blueberries | 00000552 || Production | 005510 || tonnes","Food and Agriculture"
"Broad beans | 00000181 || Production | 005510 || tonnes","Food and Agriculture"
"Cabbages | 00000358 || Production | 005510 || tonnes","Food and Agriculture"
"Fat, camels | 00001129 || Production | 005510 || tonnes","Food and Agriculture"
"Meat, camel | 00001127 || Yield | 005417 || kilograms per animal","Food and Agriculture"
"Offal, camels | 00001128 || Production | 005510 || tonnes","Food and Agriculture"
"Carrots and turnips | 00000426 || Production | 005510 || tonnes","Food and Agriculture"
"Castor oil seed | 00000265 || Production | 005510 || tonnes","Food and Agriculture"
"Cattle hides | 00000919 || Production | 005510 || tonnes","Food and Agriculture"
"Offal, cattle | 00000868 || Production | 005510 || tonnes","Food and Agriculture"
"Cauliflowers and broccoli | 00000393 || Production | 005510 || tonnes","Food and Agriculture"
"Cheese | 00001745 || Production | 005510 || tonnes","Food and Agriculture"
"Cherries | 00000531 || Production | 005510 || tonnes","Food and Agriculture"
"Chestnut | 00000220 || Production | 005510 || tonnes","Food and Agriculture"
"Chickpeas | 00000191 || Production | 005510 || tonnes","Food and Agriculture"
"Chillies and peppers | 00000689 || Production | 005510 || tonnes","Food and Agriculture"
"Citrus Fruit | 00001804 || Production | 005510 || tonnes","Food and Agriculture"
"Cottonseed | 00000329 || Production | 005510 || tonnes","Food and Agriculture"
"Cotton | 00000767 || Production | 005510 || tonnes","Food and Agriculture"
"Cow peas | 00000195 || Production | 005510 || tonnes","Food and Agriculture"
"Cucumbers and gherkins | 00000397 || Production | 005510 || tonnes","Food and Agriculture"
"Currants | 00000550 || Production | 005510 || tonnes","Food and Agriculture"
"Dates | 00000577 || Production | 005510 || tonnes","Food and Agriculture"
"Lentils | 00000201 || Production | 005510 || tonnes","Food and Agriculture"
"Meat, duck | 00001069 || Yield | 005424 || kilograms per animal","Food and Agriculture"
"Meat, duck | 00001069 || Production | 005510 || tonnes","Food and Agriculture"
"Eggplants | 00000399 || Production | 005510 || tonnes","Food and Agriculture"
"Fruit | 00001738 || Production | 005510 || tonnes","Food and Agriculture"
"Garlic | 00000406 || Production | 005510 || tonnes","Food and Agriculture"
"Meat, goat | 00001017 || Yield | 005417 || kilograms per animal","Food and Agriculture"
"Meat, goat | 00001017 || Production | 005510 || tonnes","Food and Agriculture"
"Offal, goats | 00001018 || Production | 005510 || tonnes","Food and Agriculture"
"Skins, goat | 00001025 || Production | 005510 || tonnes","Food and Agriculture"
"Grapefruit | 00000507 || Production | 005510 || tonnes","Food and Agriculture"
"Beans, green | 00000414 || Production | 005510 || tonnes","Food and Agriculture"
"Green maize | 00000446 || Production | 005510 || tonnes","Food and Agriculture"
"Peas, green | 00000417 || Production | 005510 || tonnes","Food and Agriculture"
"Groundnuts | 00000242 || Production | 005510 || tonnes","Food and Agriculture"
"Hazelnuts | 00000225 || Production | 005510 || tonnes","Food and Agriculture"
"Honey | 00001182 || Production | 005510 || tonnes","Food and Agriculture"
"Meat, horse | 00001097 || Yield | 005417 || kilograms per animal","Food and Agriculture"
"Offal, horses | 00001098 || Production | 005510 || tonnes","Food and Agriculture"
"Kiwi | 00000592 || Production | 005510 || tonnes","Food and Agriculture"
"Meat, lamb and mutton | 00000977 || Yield | 005417 || kilograms per animal","Food and Agriculture"
"Meat, lamb and mutton | 00000977 || Production | 005510 || tonnes","Food and Agriculture"
"Leeks | 00000407 || Production | 005510 || tonnes","Food and Agriculture"
"Lemons and limes | 00000497 || Production | 005510 || tonnes","Food and Agriculture"
"Lettuce | 00000372 || Production | 005510 || tonnes","Food and Agriculture"
"Linseed | 00000333 || Production | 005510 || tonnes","Food and Agriculture"
"Mangoes | 00000571 || Production | 005510 || tonnes","Food and Agriculture"
"Margarine | 00001242 || Production | 005510 || tonnes","Food and Agriculture"
"Melon | 00000568 || Production | 005510 || tonnes","Food and Agriculture"
"Millet | 00000079 || Production | 005510 || tonnes","Food and Agriculture"
"Mixed grains | 00000103 || Production | 005510 || tonnes","Food and Agriculture"
"Molasses | 00000165 || Production | 005510 || tonnes","Food and Agriculture"
"Mushrooms | 00000449 || Production | 005510 || tonnes","Food and Agriculture"
"Oats | 00000075 || Production | 005510 || tonnes","Food and Agriculture"
"Oilcrops, Cake Equivalent | 00001841 || Production | 005510 || tonnes","Food and Agriculture"
"Oilcrops, Oil Equivalent | 00001732 || Production | 005510 || tonnes","Food and Agriculture"
"Okra | 00000430 || Production | 005510 || tonnes","Food and Agriculture"
"Olives | 00000260 || Production | 005510 || tonnes","Food and Agriculture"
"Onions | 00000403 || Production | 005510 || tonnes","Food and Agriculture"
"Palm kernels | 00000256 || Production | 005510 || tonnes","Food and Agriculture"
"Papayas | 00000600 || Production | 005510 || tonnes","Food and Agriculture"
"Peaches and nectarines | 00000534 || Production | 005510 || tonnes","Food and Agriculture"
"Pears | 00000521 || Production | 005510 || tonnes","Food and Agriculture"
"Pepper | 00000687 || Production | 005510 || tonnes","Food and Agriculture"
"Fat, pigs | 00001037 || Production | 005510 || tonnes","Food and Agriculture"
"Offal, pigs | 00001036 || Production | 005510 || tonnes","Food and Agriculture"
"Pineapples | 00000574 || Production | 005510 || tonnes","Food and Agriculture"
"Plantains | 00000489 || Production | 005510 || tonnes","Food and Agriculture"
"Plums | 00000536 || Production | 005510 || tonnes","Food and Agriculture"
"Pulses | 00001726 || Production | 005510 || tonnes","Food and Agriculture"
"Meat, rabbit | 00001141 || Yield | 005424 || kilograms per animal","Food and Agriculture"
"Meat, rabbit | 00001141 || Production | 005510 || tonnes","Food and Agriculture"
"Rapeseed oil | 00000271 || Production | 005510 || tonnes","Food and Agriculture"
"Raspberries | 00000547 || Production | 005510 || tonnes","Food and Agriculture"
"Sugar (raw) | 00000162 || Production | 005510 || tonnes","Food and Agriculture"
"Roots and tubers | 00001720 || Production | 005510 || tonnes","Food and Agriculture"
"Sesame oil | 00000290 || Production | 005510 || tonnes","Food and Agriculture"
"Meat, sheep and goat | 00001807 || Yield | 005417 || kilograms per animal","Food and Agriculture"
"Offal, sheep | 00000978 || Production | 005510 || tonnes","Food and Agriculture"
"Skins, sheep | 00000995 || Production | 005510 || tonnes","Food and Agriculture"
"Sorghum | 00000083 || Production | 005510 || tonnes","Food and Agriculture"
"Soybean oil | 00000237 || Production | 005510 || tonnes","Food and Agriculture"
"Spinach | 00000373 || Production | 005510 || tonnes","Food and Agriculture"
"Strawberries | 00000544 || Production | 005510 || tonnes","Food and Agriculture"
"Sugar crops | 00001723 || Production | 005510 || tonnes","Food and Agriculture"
"Sunflower oil | 00000268 || Production | 005510 || tonnes","Food and Agriculture"
"Tangerines | 00000495 || Production | 005510 || tonnes","Food and Agriculture"
"Treenuts | 00001729 || Production | 005510 || tonnes","Food and Agriculture"
"Meat, turkey | 00001080 || Yield | 005424 || kilograms per animal","Food and Agriculture"
"Meat, turkey | 00001080 || Production | 005510 || tonnes","Food and Agriculture"
"Seed cotton | 00000328 || Production | 005510 || tonnes","Food and Agriculture"
"Fat, cattle | 00000869 || Production | 005510 || tonnes","Food and Agriculture"
"Fat, goats | 00001019 || Production | 005510 || tonnes","Food and Agriculture"
"Fat, sheep | 00000979 || Production | 005510 || tonnes","Food and Agriculture"
"Vegetables | 00001735 || Production | 005510 || tonnes","Food and Agriculture"
"Walnuts | 00000222 || Production | 005510 || tonnes","Food and Agriculture"
"Watermelons | 00000567 || Production | 005510 || tonnes","Food and Agriculture"
"Whey | 00000900 || Production | 005510 || tonnes","Food and Agriculture"
"Wool | 00000987 || Production | 005510 || tonnes","Food and Agriculture"
"2.3.1 - Productivity of small-scale food producers (agricultural output per labour day, PPP) (constant 2017 international $) - PD_AGR_SSFP - Both sexes","Food and Agriculture"
"Pulses | 00001726 || Yield | 005412 || tonnes per hectare","Food and Agriculture"
"Pulses | 00002911 || Feed | 005521 || tonnes","Food and Agriculture"
"Pulses | 00002911 || Food | 005142 || tonnes","Food and Agriculture"
"Pulses | 00002911 || Waste in supply chain | 005123 || tonnes","Food and Agriculture"
"Rapeseed | 00000270 || Production | 005510 || tonnes","Food and Agriculture"
"Rapeseed | 00000270 || Yield | 005412 || tonnes per hectare...1816","Food and Agriculture"
"Raspberries | 00000547 || Yield | 005412 || tonnes per hectare","Food and Agriculture"
"Animal fats | 00002737 || Other uses | 005154 || tonnes","Food and Agriculture"
"Animal fats | 00002737 || Food | 005142 || tonnes","Food and Agriculture"
"Animal fats | 00002737 || Waste in supply chain | 005123 || tonnes","Food and Agriculture"
"Rice | 00002807 || Other uses | 005154 || tonnes","Food and Agriculture"
"Rice | 00000027 || Production | 005510 || tonnes","Food and Agriculture"
"Rice | 00002807 || Feed | 005521 || tonnes","Food and Agriculture"
"Rice | 00002807 || Food | 005142 || tonnes","Food and Agriculture"
"Rice | 00002807 || Waste in supply chain | 005123 || tonnes","Food and Agriculture"
"Rice | 00000027 || Yield | 005412 || tonnes per hectare...1827","Food and Agriculture"
"Roots and tubers | 00001720 || Yield | 005412 || tonnes per hectare","Food and Agriculture"
"Rye | 00000071 || Production | 005510 || tonnes","Food and Agriculture"
"Rye | 00002515 || Feed | 005521 || tonnes","Food and Agriculture"
"Rye | 00002515 || Food | 005142 || tonnes","Food and Agriculture"
"Rye | 00002515 || Waste in supply chain | 005123 || tonnes","Food and Agriculture"
"Rye | 00000071 || Yield | 005412 || tonnes per hectare","Food and Agriculture"
"Seed cotton | 00000328 || Yield | 005412 || tonnes per hectare...1836","Food and Agriculture"
"Sesame oil | 00002579 || Food | 005142 || tonnes","Food and Agriculture"
"Sesame seed | 00000289 || Production | 005510 || tonnes","Food and Agriculture"
"Sesame seed | 00000289 || Yield | 005412 || tonnes per hectare","Food and Agriculture"
"Sesame seed | 00002561 || Feed | 005521 || tonnes","Food and Agriculture"
"Sesame seed | 00002561 || Food | 005142 || tonnes","Food and Agriculture"
"Sesame seed | 00002561 || Waste in supply chain | 005123 || tonnes","Food and Agriculture"
"Share of cereals that are allocated to human food","Food and Agriculture"
"Share of cereals that are allocated to animal feed...1847","Food and Agriculture"
"Share of cereals that are allocated to other uses such as biofuel production","Food and Agriculture"
"Meat, sheep and goat | 00001807 || Production | 005510 || tonnes...1850","Food and Agriculture"
"Meat, sheep and goat | 00002732 || Food | 005142 || tonnes","Food and Agriculture"
"Sorghum | 00002518 || Feed | 005521 || tonnes","Food and Agriculture"
"Sorghum | 00002518 || Food | 005142 || tonnes","Food and Agriculture"
"Sorghum | 00002518 || Waste in supply chain | 005123 || tonnes","Food and Agriculture"
"Sorghum | 00000083 || Yield | 005412 || tonnes per hectare...1858","Food and Agriculture"
"Soybean oil | 00002571 || Other uses | 005154 || tonnes","Food and Agriculture"
"Soybean oil | 00002571 || Food | 005142 || tonnes","Food and Agriculture"
"Soybeans | 00000236 || Production | 005510 || tonnes","Food and Agriculture"
"Soybeans | 00000236 || Yield | 005412 || tonnes per hectare...1864","Food and Agriculture"
"Soybeans | 00002555 || Feed | 005521 || tonnes","Food and Agriculture"
"Soybeans | 00002555 || Food | 005142 || tonnes","Food and Agriculture"
"Soybeans | 00002555 || Waste in supply chain | 005123 || tonnes","Food and Agriculture"
"Spinach | 00000373 || Yield | 005412 || tonnes per hectare","Food and Agriculture"
"Strawberries | 00000544 || Yield | 005412 || tonnes per hectare","Food and Agriculture"
"Sugar beet | 00000157 || Production | 005510 || tonnes","Food and Agriculture"
"Sugar beet | 00002537 || Feed | 005521 || tonnes","Food and Agriculture"
"Sugar beet | 00002537 || Food | 005142 || tonnes","Food and Agriculture"
"Sugar beet | 00002537 || Waste in supply chain | 005123 || tonnes","Food and Agriculture"
"Sugar beet | 00000157 || Yield | 005412 || tonnes per hectare","Food and Agriculture"
"Sugar cane | 00000156 || Production | 005510 || tonnes","Food and Agriculture"
"Sugar cane | 00002536 || Feed | 005521 || tonnes","Food and Agriculture"
"Sugar cane | 00002536 || Food | 005142 || tonnes","Food and Agriculture"
"Sugar cane | 00002536 || Waste in supply chain | 005123 || tonnes","Food and Agriculture"
"Sugar cane | 00000156 || Yield | 005412 || tonnes per hectare...1883","Food and Agriculture"
"Sugar crops | 00001723 || Yield | 005412 || tonnes per hectare","Food and Agriculture"
"Sugar crops | 00002908 || Other uses | 005154 || tonnes","Food and Agriculture"
"Sugar crops | 00002908 || Feed | 005521 || tonnes","Food and Agriculture"
"Sugar crops | 00002908 || Food | 005142 || tonnes","Food and Agriculture"
"Sugar crops | 00002908 || Waste in supply chain | 005123 || tonnes","Food and Agriculture"
"Sunflower oil | 00002573 || Other uses | 005154 || tonnes","Food and Agriculture"
"Sunflower oil | 00002573 || Food | 005142 || tonnes","Food and Agriculture"
"Sunflower seed | 00000267 || Production | 005510 || tonnes","Food and Agriculture"
"Sunflower seed | 00000267 || Yield | 005412 || tonnes per hectare...1894","Food and Agriculture"
"Sunflower seed | 00002557 || Feed | 005521 || tonnes","Food and Agriculture"
"Sunflower seed | 00002557 || Food | 005142 || tonnes","Food and Agriculture"
"Sunflower seed | 00002557 || Waste in supply chain | 005123 || tonnes","Food and Agriculture"
"Sweet potatoes | 00000122 || Production | 005510 || tonnes","Food and Agriculture"
"Sweet potatoes | 00000122 || Yield | 005412 || tonnes per hectare","Food and Agriculture"
"Sweet potatoes | 00002533 || Feed | 005521 || tonnes","Food and Agriculture"
"Sweet potatoes | 00002533 || Food | 005142 || tonnes","Food and Agriculture"
"Sweet potatoes | 00002533 || Waste in supply chain | 005123 || tonnes","Food and Agriculture"
"Tangerines | 00000495 || Yield | 005412 || tonnes per hectare","Food and Agriculture"
"Tobacco | 00000826 || Production | 005510 || tonnes","Food and Agriculture"
"Tobacco | 00000826 || Yield | 005412 || tonnes per hectare","Food and Agriculture"
"Tomatoes | 00000388 || Production | 005510 || tonnes","Food and Agriculture"
"Tomatoes | 00000388 || Yield | 005412 || tonnes per hectare...1909","Food and Agriculture"
"Tomatoes | 00002601 || Food | 005142 || tonnes","Food and Agriculture"
"Tomatoes | 00002601 || Waste in supply chain | 005123 || tonnes","Food and Agriculture"
"Total | 00002901 || Food available for consumption | 0664pc || kilocalories per day per capita...1914","Food and Agriculture"
"Total | 00002901 || Food available for consumption | 0684pc || grams of fat per day per capita...1915","Food and Agriculture"
"Total | 00002901 || Food available for consumption | 0674pc || grams of protein per day per capita...1916","Food and Agriculture"
"Meat, total | 00001765 || Production | 005510 || tonnes...1917","Food and Agriculture"
"Treenuts | 00001729 || Yield | 005412 || tonnes per hectare","Food and Agriculture"
"Treenuts | 00002912 || Food | 005142 || tonnes","Food and Agriculture"
"Treenuts | 00002912 || Waste in supply chain | 005123 || tonnes","Food and Agriculture"
"Agriculture | 00002051 || Gross Production Value (current thousand US$) | 000057 || thousand US Dollar","Food and Agriculture"
"Vegetables | 00001735 || Yield | 005412 || tonnes per hectare","Food and Agriculture"
"Vegetables | 00002918 || Feed | 005521 || tonnes","Food and Agriculture"
"Vegetables | 00002918 || Food | 005142 || tonnes","Food and Agriculture"
"Vegetables | 00002918 || Waste in supply chain | 005123 || tonnes","Food and Agriculture"
"Walnuts | 00000222 || Yield | 005412 || tonnes per hectare","Food and Agriculture"
"Watermelons | 00000567 || Yield | 005412 || tonnes per hectare","Food and Agriculture"
"Wheat | 00002511 || Other uses | 005154 || tonnes","Food and Agriculture"
"Wheat | 00000015 || Production | 005510 || tonnes","Food and Agriculture"
"Wheat | 00002511 || Feed | 005521 || tonnes","Food and Agriculture"
"Wheat | 00002511 || Food | 005142 || tonnes","Food and Agriculture"
"Wheat | 00002511 || Waste in supply chain | 005123 || tonnes","Food and Agriculture"
"Wheat | 00000015 || Yield | 005412 || tonnes per hectare","Food and Agriculture"
"Wine | 00000564 || Production | 005510 || tonnes","Food and Agriculture"
"Wine | 00002655 || Food | 005142 || tonnes","Food and Agriculture"
"Yams | 00000137 || Production | 005510 || tonnes...1941","Food and Agriculture"
"Yams | 00000137 || Yield | 005412 || tonnes per hectare","Food and Agriculture"
"Yams | 00000137 || Production | 005510 || tonnes...1944","Food and Agriculture"
"Yams | 00002535 || Feed | 005521 || tonnes","Food and Agriculture"
"Yams | 00002535 || Food | 005142 || tonnes","Food and Agriculture"
"Yams | 00002535 || Waste in supply chain | 005123 || tonnes","Food and Agriculture"
"Camels slaughtered for meat","Food and Agriculture"
"Cattle slaughtered for meat","Food and Agriculture"
"Chickens slaughtered for meat","Food and Agriculture"
"Ducks slaughtered for meat","Food and Agriculture"
"Farmed crustaceans killed for food","Food and Agriculture"
"Estimated number of farmed crustaceans","Food and Agriculture"
"Estimated number of farmed crustaceans (upper bound)","Food and Agriculture"
"Estimated number of farmed crustaceans (lower bound)","Food and Agriculture"
"Estimated number of farmed fish","Food and Agriculture"
"Estimated number of farmed fish (upper bound)","Food and Agriculture"
"Estimated number of farmed fish (lower bound)","Food and Agriculture"
"Farmed fishes killed for food","Food and Agriculture"
"Goats slaughtered for meat","Food and Agriculture"
"Horses slaughtered for meat","Food and Agriculture"
"Hypothetical number of land animals that would be slaughtered if all countries produced meat in the same way as a given country...1968","Food and Agriculture"
"Land animals slaughtered for meat","Food and Agriculture"
"Live buffaloes","Food and Agriculture"
"Live camels","Food and Agriculture"
"Live cattle","Food and Agriculture"
"Live chickens","Food and Agriculture"
"Live donkeys","Food and Agriculture"
"Live ducks","Food and Agriculture"
"Live geese","Food and Agriculture"
"Live goats","Food and Agriculture"
"Live horses","Food and Agriculture"
"Live mules","Food and Agriculture"
"Live pigs","Food and Agriculture"
"Live poultry","Food and Agriculture"
"Live rabbits","Food and Agriculture"
"Live sheep","Food and Agriculture"
"Live turkeys","Food and Agriculture"
"Pigs slaughtered for meat","Food and Agriculture"
"Poultry slaughtered for meat","Food and Agriculture"
"Rabbits slaughtered for meat","Food and Agriculture"
"Sheep slaughtered for meat","Food and Agriculture"
"Turkeys slaughtered for meat","Food and Agriculture"
"Almond yield","Food and Agriculture"
"Almonds | 00000221 || Yield | 005412 || tonnes per hectare...2001","Food and Agriculture"
"Apple yield","Food and Agriculture"
"Apricot yield","Food and Agriculture"
"Asparagus yield","Food and Agriculture"
"Avocado yield","Food and Agriculture"
"Banana yield","Food and Agriculture"
"Bananas | 00000486 || Yield | 005412 || tonnes per hectare...2008","Food and Agriculture"
"Barley attainable yield","Food and Agriculture"
"Barley yield gap","Food and Agriculture"
"Barley yield...2011","Food and Agriculture"
"Bean yield","Food and Agriculture"
"Beans, dry | 00000176 || Yield | 005412 || tonnes per hectare...2013","Food and Agriculture"
"Blueberry yield","Food and Agriculture"
"Broad bean yield","Food and Agriculture"
"Cabbage yield","Food and Agriculture"
"Carrot and turnip yield","Food and Agriculture"
"Cashew nuts | 00000217 || Yield | 005412 || tonnes per hectare...2019","Food and Agriculture"
"Cashew yield","Food and Agriculture"
"Cassava attainable yield","Food and Agriculture"
"Cassava yield gap","Food and Agriculture"
"Cassava yield","Food and Agriculture"
"Cassava | 00000125 || Yield | 005412 || tonnes per hectare...2024","Food and Agriculture"
"Cauliflower and broccoli yield","Food and Agriculture"
"Cereals | 00001717 || Yield | 005412 || tonnes per hectare...2026","Food and Agriculture"
"Cherry yield","Food and Agriculture"
"Chickpea yield","Food and Agriculture"
"Chilies and peppers yield","Food and Agriculture"
"Citrus fruit yield","Food and Agriculture"
"Cocoa beans | 00000661 || Yield | 005412 || tonnes per hectare","Food and Agriculture"
"Cocoa yield","Food and Agriculture"
"Coconut yield","Food and Agriculture"
"Coffee yield","Food and Agriculture"
"Coffee, green | 00000656 || Yield | 005412 || tonnes per hectare...2038","Food and Agriculture"
"Corn attainable yield...2039","Food and Agriculture"
"Corn yield gap...2040","Food and Agriculture"
"Corn yield","Food and Agriculture"
"Cotton attainable yield","Food and Agriculture"
"Cotton yield gap","Food and Agriculture"
"Seed cotton | 00000328 || Yield | 005412 || tonnes per hectare...2044","Food and Agriculture"
"Cowpea yield","Food and Agriculture"
"Cucumber and gherkin yield","Food and Agriculture"
"Currant yield","Food and Agriculture"
"Date yield","Food and Agriculture"
"Eggplant yield","Food and Agriculture"
"Fig yield","Food and Agriculture"
"Fruit yield","Food and Agriculture"
"Garlic yield","Food and Agriculture"
"Ginger yield","Food and Agriculture"
"Grape yield","Food and Agriculture"
"Grapefruit yield","Food and Agriculture"
"Green bean yield","Food and Agriculture"
"Green chilies and peppers yield","Food and Agriculture"
"Green onion and shallot yield","Food and Agriculture"
"Green pea yield","Food and Agriculture"
"Groundnut attainable yield","Food and Agriculture"
"Groundnut yield gap","Food and Agriculture"
"Groundnut yield","Food and Agriculture"
"Groundnuts | 00000242 || Yield | 005412 || tonnes per hectare...2064","Food and Agriculture"
"Hazelnut yield","Food and Agriculture"
"Leek yield","Food and Agriculture"
"Lemon and lime yield","Food and Agriculture"
"Lentil yield","Food and Agriculture"
"Lettuce yield","Food and Agriculture"
"Lettuce | 00000372 || Yield | 005412 || tonnes per hectare...2073","Food and Agriculture"
"Linseed yield","Food and Agriculture"
"Corn attainable yield...2075","Food and Agriculture"
"Corn yield gap...2076","Food and Agriculture"
"Maize yield...2077","Food and Agriculture"
"Mango yield","Food and Agriculture"
"Melon yield","Food and Agriculture"
"Millet attainable yield","Food and Agriculture"
"Millet yield gap","Food and Agriculture"
"Millet | 00000079 || Yield | 005412 || tonnes per hectare...2082","Food and Agriculture"
"Oat yield","Food and Agriculture"
"Oil palm attainable yield","Food and Agriculture"
"Oil palm yield gap","Food and Agriculture"
"Oil palm yield","Food and Agriculture"
"Okra yield","Food and Agriculture"
"Olive yield","Food and Agriculture"
"Onion yield","Food and Agriculture"
"Orange yield","Food and Agriculture"
"Oranges | 00000490 || Yield | 005412 || tonnes per hectare...2092","Food and Agriculture"
"Palm fruit oil | 00000254 || Yield | 005412 || tonnes per hectare...2093","Food and Agriculture"
"Papaya yield","Food and Agriculture"
"Pea yield","Food and Agriculture"
"Peas, dry | 00000187 || Yield | 005412 || tonnes per hectare...2096","Food and Agriculture"
"Peach and nectarine yield","Food and Agriculture"
"Pear yield","Food and Agriculture"
"Pepper yield (spice)","Food and Agriculture"
"Pineapple yield","Food and Agriculture"
"Plantain yield","Food and Agriculture"
"Plum yield","Food and Agriculture"
"Potato attainable yield","Food and Agriculture"
"Potato yield gap","Food and Agriculture"
"Potato yield","Food and Agriculture"
"Potatoes yield...2108","Food and Agriculture"
"Pulse yield","Food and Agriculture"
"Quince yield","Food and Agriculture"
"Rapeseed attainable yield","Food and Agriculture"
"Rapeseed yield gap","Food and Agriculture"
"Rapeseed yield","Food and Agriculture"
"Rapeseed | 00000270 || Yield | 005412 || tonnes per hectare...2115","Food and Agriculture"
"Raspberry yield","Food and Agriculture"
"Rice attainable yield","Food and Agriculture"
"Rice yield gap","Food and Agriculture"
"Rice yield...2119","Food and Agriculture"
"Rice | 00000027 || Yield | 005412 || tonnes per hectare...2120","Food and Agriculture"
"Roots and tubers yield","Food and Agriculture"
"Rye attainable yield","Food and Agriculture"
"Rye yield gap","Food and Agriculture"
"Rye yield...2124","Food and Agriculture"
"Sesame seed yield","Food and Agriculture"
"Sorghum attainable yield","Food and Agriculture"
"Sorghum yield gap","Food and Agriculture"
"Sorghum | 00000083 || Yield | 005412 || tonnes per hectare...2129","Food and Agriculture"
"Soybean attainable yield","Food and Agriculture"
"Soybean yield gap","Food and Agriculture"
"Soybean yield","Food and Agriculture"
"Soybeans | 00000236 || Yield | 005412 || tonnes per hectare...2133","Food and Agriculture"
"Spinach yield","Food and Agriculture"
"Strawberry yield","Food and Agriculture"
"Sugar beet attainable yield","Food and Agriculture"
"Sugar beet yield gap","Food and Agriculture"
"Sugar beet yield...2138","Food and Agriculture"
"Sugar beet yield...2139","Food and Agriculture"
"Sugar cane attainable yield","Food and Agriculture"
"Sugar cane yield gap","Food and Agriculture"
"Sugar cane yield","Food and Agriculture"
"Sugar cane | 00000156 || Yield | 005412 || tonnes per hectare...2143","Food and Agriculture"
"Sugar crop yield","Food and Agriculture"
"Sunflower seed attainable yield","Food and Agriculture"
"Sunflower seed yield gap","Food and Agriculture"
"Sunflower seed | 00000267 || Yield | 005412 || tonnes per hectare...2147","Food and Agriculture"
"Sweet potato yield","Food and Agriculture"
"Tangerine yield","Food and Agriculture"
"Tobacco yield","Food and Agriculture"
"Tomato yield","Food and Agriculture"
"Tomatoes | 00000388 || Yield | 005412 || tonnes per hectare...2152","Food and Agriculture"
"Treenut yield","Food and Agriculture"
"Triticale yield","Food and Agriculture"
"Vegetable yield","Food and Agriculture"
"Walnut yield","Food and Agriculture"
"Watermelon yield","Food and Agriculture"
"Wheat attainable yield","Food and Agriculture"
"Wheat yield gap","Food and Agriculture"
"Wheat yield...2161","Food and Agriculture"
"Wheat yield...2162","Food and Agriculture"
"Yam yield","Food and Agriculture"
"Yield gap versus nitrogen pollution effect...2164","Food and Agriculture"
"Wheat yield...2165","Food and Agriculture"
"Rice yield...2166","Food and Agriculture"
"Barley yield...2167","Food and Agriculture"
"Maize yield...2168","Food and Agriculture"
"Rye yield...2169","Food and Agriculture"
"Oats yield","Food and Agriculture"
"Millet yield","Food and Agriculture"
"Sorghum yield","Food and Agriculture"
"Potatoes yield...2173","Food and Agriculture"
"All fertilizers use","Food and Agriculture"
"Fertilizer consumption (kilograms per hectare of arable land)","Food and Agriculture"
"All fertilizers use per area of cropland","Food and Agriculture"
"Nutrient nitrogen N (total) | 00003102 || Use per area of cropland | 005159 || kilograms per hectare...2183","Food and Agriculture"
"Nutrient nitrogen N (total) | 00003102 || Use per area of cropland | 005159 || kilograms per hectare...2184","Food and Agriculture"
"Nutrient phosphate P2O5 (total) | 00003103 || Use per area of cropland | 005159 || kilograms per hectare...2188","Food and Agriculture"
"Nutrient phosphate P2O5 (total) | 00003103 || Use per area of cropland | 005159 || kilograms per hectare...2189","Food and Agriculture"
"Nutrient potash K2O (total) | 00003104 || Use per area of cropland | 005159 || kilograms per hectare...2191","Food and Agriculture"
"Nutrient potash K2O (total) | 00003104 || Use per area of cropland | 005159 || kilograms per hectare...2192","Food and Agriculture"
"Yield gap versus nitrogen pollution effect...2198","Food and Agriculture"
"Cost of a healthy diet...2202","Food and Agriculture"
"Cost of a healthy diet...2209","Food and Agriculture"
"Total food expenditure","Food and Agriculture"
"2.c.1 - Indicator of Food Price Anomalies (IFPA), by Consumer Food Price Index - AG_FPA_CFPI","Food and Agriculture"
"Number of people who cannot afford a healthy diet","Food and Agriculture"
"Alcohol and tobacco as share of total consumer expenditure","Food and Agriculture"
"Share of the population who cannot afford a healthy diet...2220","Food and Agriculture"
"Food as share of total consumer expenditure","Food and Agriculture"
"Share of the population who cannot afford a healthy diet...2224","Food and Agriculture"
"Coefficient of Variation (CV) of caloric intake...2226","Food and Agriculture"
"Meat, total | 00002943 || Food available for consumption | 0645pe || grams per day per capita...2227","Food and Agriculture"
"Daily calorie supply per person","Food and Agriculture"
"Total | 00002901 || Food available for consumption | 0684pc || grams of fat per day per capita...2229","Food and Agriculture"
"Total | 00002901 || Food available for consumption | 0674pc || grams of protein per day per capita...2230","Food and Agriculture"
"Maize | 00002514 || Food available for consumption | 0664pc || kilocalories per day per capita...2231","Food and Agriculture"
"Meat, total | 00002943 || Food available for consumption | 0645pc || kilograms per year per capita...2232","Food and Agriculture"
"Minimum dietary energy requirement  (kcal/cap/day) | 00021056 || Value | 006128 || kilocalories per person per day...2233","Food and Agriculture"
"Total | 00002901 || Food available for consumption | 0664pc || kilocalories per day per capita...2234","Food and Agriculture"
"Fruit | 00002919 || Food available for consumption | 0645pc || kilograms per year per capita...2235","Food and Agriculture"
"Vegetables | 00002918 || Food available for consumption | 0645pc || kilograms per year per capita...2236","Food and Agriculture"
"Miscellaneous group | 00002928 || Food available for consumption | 0664pc || kilocalories per day per capita","Food and Agriculture"
"Alcoholic Beverages | 00002924 || Food available for consumption | 0664pc || kilocalories per day per capita","Food and Agriculture"
"Animal fats group | 00002946 || Food available for consumption | 0664pc || kilocalories per day per capita","Food and Agriculture"
"Vegetable Oils | 00002914 || Food available for consumption | 0664pc || kilocalories per day per capita","Food and Agriculture"
"Oilcrops | 00002913 || Food available for consumption | 0664pc || kilocalories per day per capita...2241","Food and Agriculture"
"Fish and seafood | 00002960 || Food available for consumption | 0664pc || kilocalories per day per capita...2242","Food and Agriculture"
"Sugar crops | 00002908 || Food available for consumption | 0664pc || kilocalories per day per capita...2243","Food and Agriculture"
"Sugar & Sweeteners | 00002909 || Food available for consumption | 0664pc || kilocalories per day per capita","Food and Agriculture"
"Starchy Roots | 00002907 || Food available for consumption | 0664pc || kilocalories per day per capita","Food and Agriculture"
"Meat, Other | 00002735 || Food available for consumption | 0664pc || kilocalories per day per capita","Food and Agriculture"
"Meat, sheep and goat | 00002732 || Food available for consumption | 0664pc || kilocalories per day per capita...2247","Food and Agriculture"
"Meat, pig | 00002733 || Food available for consumption | 0664pc || kilocalories per day per capita...2248","Food and Agriculture"
"Meat, poultry | 00002734 || Food available for consumption | 0664pc || kilocalories per day per capita...2249","Food and Agriculture"
"Meat, beef and buffalo | 00002731 || Food available for consumption | 0664pc || kilocalories per day per capita...2250","Food and Agriculture"
"Eggs | 00002949 || Food available for consumption | 0664pc || kilocalories per day per capita...2251","Food and Agriculture"
"Milk | 00002948 || Food available for consumption | 0664pc || kilocalories per day per capita...2252","Food and Agriculture"
"Nuts | 00002551 || Food available for consumption | 0664pc || kilocalories per day per capita...2253","Food and Agriculture"
"Fruit | 00002919 || Food available for consumption | 0664pc || kilocalories per day per capita...2254","Food and Agriculture"
"Vegetables | 00002918 || Food available for consumption | 0664pc || kilocalories per day per capita...2255","Food and Agriculture"
"Pulses | 00002911 || Food available for consumption | 0664pc || kilocalories per day per capita...2256","Food and Agriculture"
"Cereals, other | 00002520 || Food available for consumption | 0664pc || kilocalories per day per capita","Food and Agriculture"
"Barley | 00002513 || Food available for consumption | 0664pc || kilocalories per day per capita...2258","Food and Agriculture"
"Maize | 00002514 || Food available for consumption | 0664pc || kilocalories per day per capita...2259","Food and Agriculture"
"Rice | 00002807 || Food available for consumption | 0664pc || kilocalories per day per capita...2260","Food and Agriculture"
"Wheat | 00002511 || Food available for consumption | 0664pc || kilocalories per day per capita...2261","Food and Agriculture"
"Daily calorie supply per person from other commodities","Food and Agriculture"
"Daily calorie supply per person from alcoholic beverages","Food and Agriculture"
"Daily calorie supply per person from sugar","Food and Agriculture"
"Daily calorie supply per person from oils and fats","Food and Agriculture"
"Daily calorie supply per person from meat","Food and Agriculture"
"Daily calorie supply per person from dairy and eggs","Food and Agriculture"
"Daily calorie supply per person from fruits and vegetables","Food and Agriculture"
"Daily calorie supply per person from starchy roots","Food and Agriculture"
"Daily calorie supply per person from pulses","Food and Agriculture"
"Daily calorie supply per person from cereals and grains","Food and Agriculture"
"Dates | 00002619 || Food available for consumption | 0645pc || kilograms per year per capita","Food and Agriculture"
"Grapefruit | 00002613 || Food available for consumption | 0645pc || kilograms per year per capita","Food and Agriculture"
"Citrus, Other | 00002614 || Food available for consumption | 0645pc || kilograms per year per capita","Food and Agriculture"
"Lemons and limes | 00002612 || Food available for consumption | 0645pc || kilograms per year per capita","Food and Agriculture"
"Pineapples | 00002618 || Food available for consumption | 0645pc || kilograms per year per capita","Food and Agriculture"
"Plantains | 00002616 || Food available for consumption | 0645pc || kilograms per year per capita","Food and Agriculture"
"Grapes and products (excl wine) | 00002620 || Food available for consumption | 0645pc || kilograms per year per capita","Food and Agriculture"
"Apples | 00002617 || Food available for consumption | 0645pc || kilograms per year per capita","Food and Agriculture"
"Bananas | 00002615 || Food available for consumption | 0645pc || kilograms per year per capita","Food and Agriculture"
"Oranges | 00002611 || Food available for consumption | 0645pc || kilograms per year per capita","Food and Agriculture"
"Fruits, other | 00002625 || Food available for consumption | 0645pc || kilograms per year per capita","Food and Agriculture"
"Fruit | 00002919 || Food available for consumption | 0645pc || kilograms per year per capita...2283","Food and Agriculture"
"Vegetables | 00002918 || Food available for consumption | 0645pc || kilograms per year per capita...2284","Food and Agriculture"
"Agriculture, forestry, and fishing, value added (% of GDP)","Food and Agriculture"
"Agriculture, forestry, and fishing, value added per worker (constant 2015 US$)","Food and Agriculture"
"8.3.1 - Proportion of informal employment, by sector and sex - 13th ICLS (%) - SL_ISV_IFEM - Agriculture, forestry and fishing - Both sexes","Food and Agriculture"
"Number of severely food insecure people (million) (3-year average) | 00210071 || Value | 006132 || people...2294","Food and Agriculture"
"2.1.1 Number of undernourished people | 000000000024001 || Value | 006132 || millions...2295","Food and Agriculture"
"2.1.1 Prevalence of undernourishment | 000000000024000 || Value | 006121 || percent...2296","Food and Agriculture"
"Prevalence of severe food insecurity in the total population (percent) (3-year average) | 00210401 || Value | 006121 || percent...2297","Food and Agriculture"
"Aquaculture production (metric tons)...2303","Food and Agriculture"
"Capture fisheries production (metric tons)...2305","Food and Agriculture"
"Fish and seafood | 00002960 || Food available for consumption | 0645pc || kilograms per year per capita...2306","Food and Agriculture"
"Fish and seafood | 00002960 || Production | 005511 || tonnes...2308","Food and Agriculture"
"Marine protected areas (% of territorial waters)...2309","Food and Agriculture"
"14.b.1 - Degree of application of a legal/regulatory/policy/institutional framework which recognizes and protects access rights for small-scale fisheries (level of implementation: 1 lowest to 5 highest) - ER_REG_SSFRAR","Food and Agriculture"
"14.6.1 - Progress by countries in the degree of implementation of international instruments aiming to combat illegal, unreported and unregulated fishing (level of implementation: 1 lowest to 5 highest) - ER_REG_UNFCIM","Food and Agriculture"
"Coefficient of Variation (CV) of caloric intake...2324","Food and Agriculture"
"Minimum dietary energy requirement  (kcal/cap/day) | 00021056 || Value | 006128 || kilocalories per person per day...2326","Food and Agriculture"
"Number of moderately or severely food insecure people (million) (3-year average) | 00210081 || Value | 006132 || people","Food and Agriculture"
"Number of severely food insecure people (million) (3-year average) | 00210071 || Value | 006132 || people...2329","Food and Agriculture"
"2.1.1 Number of undernourished people | 000000000024001 || Value | 006132 || millions...2330","Food and Agriculture"
"2.1.1 Prevalence of undernourishment | 000000000024000 || Value | 006121 || percent...2331","Food and Agriculture"
"Stunting prevalence among children under 5 years of age (% height-for-age <-2 SD), model-based estimates - Sex: both sexes...2334","Food and Agriculture"
"Prevalence of moderate or severe food insecurity in the total population (percent) (3-year average) | 00210091 || Value | 006121 || percent","Food and Agriculture"
"Prevalence of severe food insecurity in the total population (percent) (3-year average) | 00210401 || Value | 006121 || percent...2336","Food and Agriculture"
"Milligrams of active ingredient of antimicrobials sold per population correction unit of food-producing animals...2337","Food and Agriculture"
"Aquaculture production (metric tons)...2338","Food and Agriculture"
"Meat, beef and buffalo | 00001806 || Production | 005510 || tonnes...2339","Food and Agriculture"
"Capture fisheries production (metric tons)...2340","Food and Agriculture"
"Cattle | 00000866 || Stocks | 005111 || animals","Food and Agriculture"
"Meat of cattle with the bone, fresh or chilled | 00000867 || Yield | 005417 || kilograms per animal","Food and Agriculture"
"Meat, chicken | 00001058 || Production | 005510 || tonnes...2343","Food and Agriculture"
"Meat, chicken | 00001058 || Yield | 005424 || kilograms per animal...2344","Food and Agriculture"
"Meat, total | 00002943 || Food available for consumption | 0645pe || grams per day per capita...2345","Food and Agriculture"
"Eggs | 00001783 || Production | 005510 || tonnes...2346","Food and Agriculture"
"Eggs | 00001783 || Yield | 005424 || kilograms per animal...2347","Food and Agriculture"
"Fish and seafood | 00002960 || Food available for consumption | 0645pc || kilograms per year per capita...2348","Food and Agriculture"
"Fish and seafood | 00002960 || Production | 005511 || tonnes...2350","Food and Agriculture"
"Meat, game | 00001163 || Production | 005510 || tonnes...2351","Food and Agriculture"
"Meat, horse | 00001097 || Production | 005510 || tonnes...2352","Food and Agriculture"
"Meat, camel | 00001127 || Production | 005510 || tonnes...2353","Food and Agriculture"
"Meat, sheep and goat | 00001807 || Production | 005510 || tonnes...2354","Food and Agriculture"
"Meat, beef and buffalo | 00001806 || Production | 005510 || tonnes...2355","Food and Agriculture"
"Meat, pig | 00001035 || Production | 005510 || tonnes...2356","Food and Agriculture"
"Meat, poultry | 00001808 || Production | 005510 || tonnes...2357","Food and Agriculture"
"Hypothetical global meat demand if everyone ate like the average citizen of a given country","Food and Agriculture"
"Hypothetical number of land animals that would be slaughtered if all countries produced meat in the same way as a given country...2359","Food and Agriculture"
"Meat, total | 00001765 || Production | 005510 || tonnes...2360","Food and Agriculture"
"Meat, total | 00002943 || Food available for consumption | 0645pc || kilograms per year per capita...2361","Food and Agriculture"
"Milk | 00001780 || Production | 005510 || tonnes...2362","Food and Agriculture"
"Milk production per animal","Food and Agriculture"
"Eggs | 00002949 || Food available for consumption | 0645pc || kilograms per year per capita","Food and Agriculture"
"Meat, Other | 00002735 || Food available for consumption | 0645pc || kilograms per year per capita","Food and Agriculture"
"Meat, sheep and goat | 00002732 || Food available for consumption | 0645pc || kilograms per year per capita","Food and Agriculture"
"Meat, beef and buffalo | 00002731 || Food available for consumption | 0645pc || kilograms per year per capita","Food and Agriculture"
"Meat, pig | 00002733 || Food available for consumption | 0645pc || kilograms per year per capita","Food and Agriculture"
"Meat, poultry | 00002734 || Food available for consumption | 0645pc || kilograms per year per capita","Food and Agriculture"
"Milk - Excluding Butter | 00002848 || Food available for consumption | 0645pc || kilograms per year per capita","Food and Agriculture"
"Swine / pigs | 00001034 || Stocks | 005111 || animals","Food and Agriculture"
"Meat, pig | 00001035 || Yield | 005417 || kilograms per animal...2372","Food and Agriculture"
"Meat, pig | 00001035 || Production | 005510 || tonnes...2373","Food and Agriculture"
"Poultry | 00002029 || Stocks | 005112 || animals","Food and Agriculture"
"Meat, poultry | 00001808 || Production | 005510 || tonnes...2375","Food and Agriculture"
"Meat, poultry | 00001808 || Yield | 005424 || kilograms per animal...2376","Food and Agriculture"
"Share of cereals that are allocated to animal feed...2377","Food and Agriculture"
"Prevalence of anemia among pregnant women (%)","Food and Agriculture"
"Prevalence of anemia among women of reproductive age (% of women ages 15-49)","Food and Agriculture"
"Vitamin A supplementation coverage rate (% of children ages 6-59 months)","Food and Agriculture"
"Insecticides | 00001309 || Agricultural use | 005157 || tonnes","Food and Agriculture"
"Pesticides (total) | 00001357 || Use per area of cropland | 005159 || kilograms per hectare","Food and Agriculture"
"Pesticides (total) | 00001357 || Agricultural use | 005157 || tonnes","Food and Agriculture"
"Biweekly death growth (%)","Health"
"Biweekly deaths per million people","Health"
"Biweekly case growth (%)","Health"
"Case fatality rate of COVID-19 (%)","Health"
"Trend - Place: Grocery and pharmacy","Health"
"Trend - Place: Parks","Health"
"Trend - Place: Retail and recreation","Health"
"Trend - Place: Residential","Health"
"COVID-19 positivity rate (cumulative)","Health"
"Stringency index (non-vaccinated)","Health"
"Stringency index (vaccinated)","Health"
"Stringency index (weighted average)","Health"
"Testing policy","Health"
"Contact tracing","Health"
"Containment health index (average)","Health"
"Vaccination policy","Health"
"Vaccine Availability (summary)","Health"
"Total confirmed cases of COVID-19 per million people...2415","Health"
"Total confirmed deaths due to COVID-19 per million people...2416","Health"
"Cumulative total per 1,000 people","Health"
"cum_excess_per_million_proj_all_ages...2420","Health"
"cum_p_proj_all_ages...2421","Health"
"Daily COVID-19 tests (7-day smoothed)","Health"
"Daily COVID-19 tests per 1,000 people (7-day smoothed)","Health"
"Debt/contract relief","Health"
"Reproduction rate","Health"
"Cumulative excess deaths per 100,000 people (central estimate)...2431","Health"
"Cumulative excess deaths per 100,000 people (95% CI, lower bound)...2432","Health"
"Cumulative excess deaths per 100,000 people (95% CI, upper bound)...2433","Health"
"Total confirmed deaths due to COVID-19 per 100,000 people","Health"
"Cumulative excess deaths per 100,000 people (central estimate)...2435","Health"
"Cumulative excess deaths per 100,000 people (95% CI, upper bound)...2436","Health"
"Cumulative excess deaths per 100,000 people (95% CI, lower bound)...2437","Health"
"Daily excess deaths per 100,000 people (central estimate)","Health"
"Daily excess deaths per 100,000 people (95% CI, upper bound)","Health"
"Daily excess deaths per 100,000 people (95% CI, lower bound)","Health"
"cum_p_proj_all_ages...2441","Health"
"cum_excess_per_million_proj_all_ages...2442","Health"
"p_avg_all_ages","Health"
"p_proj_all_ages","Health"
"Facial Coverings","Health"
"Income support","Health"
"Restrictions on internal movement","Health"
"International travel controls","Health"
"Total COVID-19 tests per confirmed case","Health"
"COVID-19 positivity rate...2454","Health"
"Public information campaigns","Health"
"Cancel public events","Health"
"Restrictions on gatherings","Health"
"Close public transport","Health"
"School closing","Health"
"Share of cases that are sequenced","Health"
"Stay at home requirements","Health"
"Daily COVID-19 tests per new confirmed case...2466","Health"
"Daily COVID-19 tests per new confirmed case...2467","Health"
"COVID-19 positivity rate...2468","Health"
"Total confirmed deaths due to COVID-19 per million people...2469","Health"
"Total confirmed cases of COVID-19 per million people...2470","Health"
"Trend - Place: Transit stations","Health"
"Weekly cases per million people","Health"
"Weekly cases","Health"
"Weekly deaths per million people","Health"
"Weekly death growth (%)","Health"
"Workplace closing","Health"
"Trend - Place: Workplaces","Health"
"Death rate from diarrhoeal diseases among both sexes...2488","Health"
"Total deaths from diarrhoeal diseases among both sexes","Health"
"Number of one-year-olds who are not vaccinated against rotavirus...2494","Health"
"3.d.2 - Percentage of bloodstream infection due to Escherichia coli resistant to 3rd-generation cephalosporin (e.g., ESBL- E. coli) among patients seeking care and whose blood sample is taken and tested (%) - SH_BLD_ECOLI","Health"
"Share of one-year-olds vaccinated against rotavirus...2499","Health"
"3.d.2 - Percentage of bloodstream infection due to methicillin-resistant Staphylococcus aureus (MRSA) among patients seeking care and whose blood sample is taken and tested (%) - SH_BLD_MRSA","Health"
"Usage of safely managed sanitation services...2501","Health"
"Antiretroviral therapy coverage (% of people living with HIV)...2502","Health"
"Child mortality rate of children aged under five years, per 100 live births...2503","Health"
"Child mortality rate...2504","Health"
"Age-standardized deaths from respiratory diseases in both sexes in those aged all ages per 100,000 people","Health"
"Death rate - Sex: all - Age: all - Variant: estimates...2507","Health"
"Death rate from alzheimer disease and other dementias among both sexes","Health"
"Death rate from malignant neoplasms among both sexes...2509","Health"
"Death rate from cardiovascular diseases among both sexes","Health"
"Death rate from diabetes mellitus among both sexes","Health"
"Age-standardized deaths from digestive diseases in both sexes in those aged all ages per 100,000 people","Health"
"Death rate from drowning among both sexes","Health"
"Death rate from falls among both sexes","Health"
"Death rate from fire, heat and hot substances among both sexes","Health"
"Death rate from HIV/AIDS among both sexes...2516","Health"
"Death rate from malaria among both sexes...2517","Health"
"Death rate from protein-energy malnutrition among both sexes","Health"
"Death rate from meningitis among both sexes","Health"
"Death rate from natural disasters among both sexes...2520","Health"
"Death rate from parkinson disease among both sexes","Health"
"Death rate from lower respiratory infections among both sexes...2522","Health"
"Death rate from poisonings among both sexes","Health"
"Death rate from road injury among both sexes","Health"
"Age-standardized death rate from stroke among both sexes...2525","Health"
"Death rate in ongoing conflicts (best estimate) - Conflict type: all...2526","Health"
"Death rate from alcohol use disorders among both sexes...2527","Health"
"Total deaths from dengue among both sexes...2528","Health"
"Death rate from diarrhoeal diseases among both sexes...2529","Health"
"Death rate from drug use disorders among both sexes...2530","Health"
"Gini coefficient of lifespan inequality - Sex: female...2532","Health"
"Healthy life expectancy (HALE) at birth (years) - Sex: both sexes","Health"
"Death rate from interpersonal violence among both sexes...2534","Health"
"Infant mortality rate of babies aged under one year, per 100 live births...2535","Health"
"Period life expectancy at birth...2536","Health"
"Stunting prevalence among children under 5 years of age (% height-for-age <-2 SD), model-based estimates - Sex: both sexes...2537","Health"
"Maternal mortality ratio...2540","Health"
"Maternal mortality ratio...2541","Health"
"Neonatal mortality rate of babies aged less than 28 days, per 100 live births...2542","Health"
"Incidence of malaria (per 1,000 population at risk)...2543","Health"
"HIV Incidence per 1,000 population - Age: 15-49 - Sex: total - Central estimate...2544","Health"
"Public health expenditure as a share of GDP...2545","Health"
"Domestic general government health expenditure (% of GDP)","Health"
"Domestic general government health expenditure (% of current health expenditure)...2547","Health"
"Estimated incidence of all forms of tuberculosis...2548","Health"
"Reported cases of guinea worm disease in humans...2551","Health"
"Number of new leprosy cases...2552","Health"
"Total polio cases...2553","Health"
"Reported number of human rabies deaths...2555","Health"
"Total polio cases per million...2556","Health"
"Age-standardized deaths from respiratory infections in both sexes in those aged all ages per 100,000 people...2557","Health"
"Births attended by skilled health staff (% of total)...2558","Health"
"Share of children fully vaccinated against measles...2559","Health"
"Antenatal care coverage - at least four visits (%)","Health"
"Share of newborns vaccinated against tuberculosis...2564","Health"
"Share of one-year-olds who have had three doses of the diphtheria, tetanus and pertussis vaccine...2565","Health"
"Share of one-year-olds vaccinated against Haemophilus influenzae type b...2566","Health"
"Share of one-year-olds who have had three doses of the hepatitis B vaccine...2567","Health"
"Share of one-year-olds who have had one dose of the measles vaccine...2568","Health"
"Share of one-year-olds vaccinated against rotavirus...2569","Health"
"Share of one-year-olds vaccinated against rubella...2570","Health"
"Share of one-year-olds who have had the third dose of the pneumococcal conjugate vaccine...2571","Health"
"Share of one-year-olds who have had three doses of the polio vaccine...2572","Health"
"Share of one-year-olds who have had the one dose of the inactivated polio vaccine...2573","Health"
"Out-of-pocket expenditure (% of current health expenditure)...2574","Health"
"Out-of-pocket expenditure (% of current health expenditure)...2575","Health"
"Antiretroviral therapy coverage for PMTCT (% of pregnant women living with HIV)...2576","Health"
"HIV prevalence - Sex: total - Age: 15-49 - Central estimate...2577","Health"
"Lifetime risk of maternal death (%)...2579","Health"
"Share of the population using safely managed sanitation services...2581","Health"
"Death rate from self-harm among both sexes...2582","Health"
"Current health expenditure (CHE) as percentage of gross domestic product (GDP) (%)...2584","Health"
"Current health expenditure (CHE) as percentage of gross domestic product (GDP) (%)...2585","Health"
"Case detection rate (all forms)...2586","Health"
"Estimated number of new cases of all forms of tuberculosis...2587","Health"
"Death rate from tuberculosis among both sexes","Health"
"Under-fifteen mortality rate...2589","Health"
"Influenza vaccination rate (ages 65+)...2592","Health"
"Share of the target elderly population vaccinated against influenza...2593","Health"
"ah1n12009nonsentinel","Health"
"ah1n12009sentinel","Health"
"ah1n12009combined","Health"
"ah3nonsentinel","Health"
"ah3sentinel","Health"
"ah3combined","Health"
"inf_anonsentinel","Health"
"inf_asentinel","Health"
"a_no_subtypenonsentinel","Health"
"a_no_subtypecombined","Health"
"inf_acombined","Health"
"inf_bnonsentinel","Health"
"inf_bsentinel","Health"
"bnotdeterminednonsentinel","Health"
"bnotdeterminedsentinel","Health"
"bnotdeterminedcombined","Health"
"bviccombined","Health"
"inf_bcombined","Health"
"inf_allnonsentinel","Health"
"inf_allcombined","Health"
"inf_allsentinel","Health"
"reported_ari_cases","Health"
"reported_ili_cases","Health"
"reported_sari_cases","Health"
"pcnt_poscombined","Health"
"Total cases per 1M","Health"
"Total confirmed cases","Health"
"Total deaths per 1M","Health"
"Total deaths","Health"
"Daily cases per 1M","Health"
"Daily cases","Health"
"Daily deaths per 1M","Health"
"Daily deaths","Health"
"Alcohol, recorded per capita (15+) consumption (in litres of pure alcohol) - Beverage types: Beer","Health"
"Death rate from alcohol use disorders among both sexes...2645","Health"
"Death rate from substance use disorders among both sexes...2646","Health"
"Total deaths from alcohol use disorders among both sexes","Health"
"Total deaths from substance use disorders among both sexes...2648","Health"
"Alcohol, heavy episodic drinking (15+), drinkers only, past 30 days (%) - Sex: both sexes","Health"
"Alcohol, consumers past 12 months (%) - Sex: both sexes","Health"
"Alcohol, abstainers lifetime (%) - Sex: both sexes","Health"
"Alcohol, abstainers past 12 months (%) - Sex: both sexes","Health"
"Alcohol, recorded per capita (15+) consumption (in litres of pure alcohol) - Beverage types: Spirits","Health"
"Total alcohol consumption per capita (liters of pure alcohol, projected estimates, 15+ years of age)","Health"
"Alcohol, recorded per capita (15+) consumption (in litres of pure alcohol) - Beverage types: Wine","Health"
"Defined daily doses of antibiotics and antituberculosis drugs used per 1,000 inhabitants per day","Health"
"Antimicrobial usage in livestock (mg per population corrected units)...2664","Health"
"Milligrams of active ingredient of antimicrobials sold per population correction unit of food-producing animals...2665","Health"
"Antimicrobial usage in livestock (tonnes)","Health"
"Total sales of antimicrobials in all other forms","Health"
"Age-standardized deaths from breast cancer in females in those aged all ages per 100,000 people","Health"
"Age-standardized deaths from malignant neoplasms in both sexes in those aged all ages per 100,000 people...2671","Health"
"Age-standardized deaths from cervix uteri cancer in females in those aged all ages per 100,000 people","Health"
"Age-standardized deaths from colon and rectum cancers in both sexes in those aged all ages per 100,000 people","Health"
"Death rate from malignant neoplasms among both sexes...2674","Health"
"Total deaths from malignant neoplasms among both sexes","Health"
"Age-standardized deaths from pancreas cancer in both sexes in those aged all ages per 100,000 people","Health"
"Age-standardized deaths from prostate cancer in males in those aged all ages per 100,000 people","Health"
"Proportion of all cancer deaths among all individuals attributable to alcohol consumption","Health"
"Share of new all cancers but non-melanoma skin cancer (c00-97, but c44) cases among all individuals attributable to all infectious agents","Health"
"Proportion of all cancers but non-melanoma skin cancer (c00-97, but c44) cases among all individuals attributable to helicobacter pylori","Health"
"Age-standardized deaths from stomach cancer in both sexes in those aged all ages per 100,000 people","Health"
"Deaths from cardiovascular diseases per 100,000 people in both sexes aged all ages","Health"
"Age-standardized deaths from cardiovascular diseases in both sexes in those aged all ages per 100,000 people...2687","Health"
"Age-standardized death rate from cardiovascular diseases among both sexes","Health"
"Age-standardized death rate from hypertensive heart disease among both sexes","Health"
"Age-standardized death rate from ischaemic heart disease among both sexes","Health"
"Age-standardized death rate from rheumatic heart disease among both sexes","Health"
"Age-standardized death rate from stroke among both sexes...2692","Health"
"Total deaths from cardiovascular diseases among both sexes","Health"
"Prevalence of obesity among adults, BMI >= 30 (age-standardized estimate) (%) - Sex: both sexes - Age group: 18+  years of age...2699","Health"
"Share of adults who smoke or use tobacco (age-standardized)...2700","Health"
"Statin use","Health"
"Age-standardized deaths from malignant neoplasms in both sexes in those aged all ages per 100,000 people...2707","Health"
"Age-standardized deaths from cardiovascular diseases in both sexes in those aged all ages per 100,000 people...2708","Health"
"Share of total deaths in both sexes in those aged all ages that are from ill-defined diseases","Health"
"Age-standardized deaths from infectious and parasitic diseases in both sexes in those aged all ages per 100,000 people","Health"
"Mortality from CVD, cancer, diabetes or CRD between exact ages 30 and 70 (%)","Health"
"Prevalence of obesity among adults, BMI >= 30 (age-standardized estimate) (%) - Sex: both sexes - Age group: 18+  years of age...2714","Health"
"Age-standardized deaths from respiratory infections in both sexes in those aged all ages per 100,000 people...2715","Health"
"Estimated polio cases...2718","Health"
"Reported cases of guinea worm disease in humans...2719","Health"
"Domestic private health expenditure per capita, PPP (current international $)","Health"
"Current health expenditure per capita, PPP (current international $)","Health"
"Antiretroviral therapy coverage (% of people living with HIV)...2722","Health"
"Child mortality rate...2723","Health"
"Gini coefficient of lifespan inequality - Sex: female...2724","Health"
"Health expenditure per capita - Total","Health"
"Domestic general government health expenditure (GGHE-D) as percentage of general government expenditure (GGE) (%)...2726","Health"
"Period life expectancy at birth...2729","Health"
"Maternal mortality ratio...2730","Health"
"Out-of-pocket expenditure per capita, PPP (current international $)","Health"
"Public health expenditure as a share of GDP...2732","Health"
"Risk of impoverishing expenditure for surgical care (% of people at risk)...2734","Health"
"Out-of-pocket expenditure (% of current health expenditure)...2736","Health"
"Domestic general government health expenditure (% of current health expenditure)...2737","Health"
"Risk of catastrophic expenditure for surgical care (% of people at risk)","Health"
"Share of the population using safely managed sanitation services...2739","Health"
"Current health expenditure (CHE) as percentage of gross domestic product (GDP) (%)...2740","Health"
"Case detection rate (all forms)...2741","Health"
"Antiretroviral therapy coverage (% of people living with HIV)...2742","Health"
"Antiretroviral therapy coverage for PMTCT (% of pregnant women living with HIV)...2743","Health"
"Children (0-14) living with HIV","Health"
"Death rate from HIV/AIDS among both sexes...2747","Health"
"AIDS-related deaths - Age: total - Sex: total - Central estimate...2748","Health"
"Share of people living with HIV receiving ART - Age: total - Sex: total - Central estimate","Health"
"HIV expenditure by origin of resources - Origin: total","Health"
"Deaths averted due to antiretroviral therapy - Central estimate...2751","Health"
"AIDS-related deaths - Age: total - Sex: total - Central estimate...2752","Health"
"HIV Incidence per 1,000 population - Age: 15-49 - Sex: total - Central estimate...2753","Health"
"Period life expectancy at birth...2754","Health"
"Children (ages 0-14) newly infected with HIV","Health"
"Children (0-17) orphaned due to AIDS deaths - Central estimate","Health"
"New HIV Infections averted due to PMTCT - Central estimate","Health"
"New HIV Infections - Age: 0-14 - Sex: total - Central estimate...2758","Health"
"New HIV Infections - Age: total - Sex: total - Central estimate","Health"
"Number of new HIV infections","Health"
"New HIV Infections - Age: 0-14 - Sex: total - Central estimate...2761","Health"
"New HIV Infections - Age: 0-14 - Sex: total - Low estimate","Health"
"New HIV Infections - Age: 0-14 - Sex: total - High estimate","Health"
"HIV prevalence - Sex: total - Age: 15-49 - Central estimate...2764","Health"
"Women's share of population ages 15+ living with HIV (%)","Health"
"TB patients living with HIV receiving ART","Health"
"TB patients tested positive for HIV","Health"
"Tuberculosis-related deaths among people living with HIV - Central estimate...2768","Health"
"Estimated HIV in incident tuberculosis...2769","Health"
"Central death rate - sex: total","Health"
"Life expectancy difference (f-m) - Age: 0 - Type: period","Health"
"Life expectancy ratio (f/m) - Age: 0 - Type: period","Health"
"Gini coefficient of lifespan inequality - Sex: female...2775","Health"
"Life expectancy - Sex: all - Age: 0 - Variant: estimates...2776","Health"
"Life expectancy - Sex: total - Age: 0 - Type: period","Health"
"Period life expectancy at birth...2778","Health"
"Median age - Sex: all - Age: all - Variant: estimates...2779","Health"
"Life expectancy - Sex: male - Age: 0 - Variant: estimates","Health"
"Outsurvival statistic at birth","Health"
"Life expectancy - Sex: female - Age: 0 - Variant: estimates","Health"
"Death rate from malaria among both sexes...2784","Health"
"Estimated malaria mortality rate (per 100 000 population)","Health"
"Incidence of malaria (per 1,000 population at risk)...2786","Health"
"Total deaths from malaria among both sexes","Health"
"Estimated number of malaria deaths","Health"
"Births attended by skilled health staff (% of total)...2790","Health"
"Lifetime risk of maternal death (%)...2791","Health"
"Estimated maternal deaths","Health"
"Maternal mortality ratio (per 100 000 live births)","Health"
"Estimated maternal mortality ratio","Health"
"Maternal mortality ratio...2795","Health"
"Number of maternal deaths","Health"
"Share - Question: mh8c - Talked to friends or family when anxious/depressed - Answer: Yes - Gender: all - Age group: all","Health"
"Share - Question: mh8b - Engaged in religious/spiritual activities when anxious/depressed - Answer: Yes - Gender: all - Age group: all","Health"
"Share - Question: mh8d - Took prescribed medication when anxious/depressed - Answer: Yes - Gender: all - Age group: all","Health"
"Share - Question: mh5 - Someone local comfortable speaking about anxiety/depression with someone they know - Answer: Not at all comfortable - Gender: all - Age group: all","Health"
"Share - Question: mh6 - Friends/family have been anxious/depressed - Answer: Yes - Gender: all - Age group: all","Health"
"Share - Question: mh3b - How much science helps to treat anxiety or depression - Answer: A lot - Gender: all - Age group: all","Health"
"Share - Question: mh7a - Have been anxious/depressed - Answer: Yes - Gender: all - Age group: all","Health"
"Share - Question: mh4b - Important for national government to fund research on anxiety/depression - Answer: Extremely important - Gender: all - Age group: all","Health"
"Total deaths from dengue among both sexes...2810","Health"
"Reported number of people requiring interventions against NTDs","Health"
"National coverage","Health"
"Reported cases of guinea worm disease in humans...2813","Health"
"Reported number of individuals treated for onchocerciasis","Health"
"Population requiring preventive chemotherapy annually","Health"
"Population requiring preventive chemotherapy for lymphatic filariasis","Health"
"Estimated number of individuals in the country requiring preventive chemotherapy for onchocerciasis","Health"
"Number of new leprosy cases...2821","Health"
"Reported number of human rabies deaths...2822","Health"
"National coverage (%)","Health"
"Prevalence of overweight among children and adolescents, BMI > +1 standard deviations above the median (crude estimate) (%) - Sex: both sexes - Age group: 5-19  years of age","Health"
"Overweight prevalence among children under 5 years of age (% weight-for-height >+2 SD), model-based estimates - Sex: both sexes","Health"
"Prevalence of obesity among adults, BMI >= 30 (age-standardized estimate) (%) - Sex: both sexes - Age group: 18+  years of age...2830","Health"
"Prevalence of obesity among adults, BMI >= 30 (crude estimate) (%) - Sex: both sexes - Age group: 18+  years of age","Health"
"Prevalence of overweight among adults, BMI >= 25 (age-standardized estimate) (%) - Sex: both sexes - Age group: 18+  years of age","Health"
"2.2.2 - Proportion of children moderately or severely overweight (%) - SN_STA_OVWGT - Both sexes","Health"
"Prevalence of obesity among adults, BMI >= 30 (age-standardized estimate) (%) - Sex: female - Age group: 18+  years of age","Health"
"Prevalence of overweight among adults, BMI >= 25 (age-standardized estimate) (%) - Sex: female - Age group: 18+  years of age","Health"
"Prevalence of obesity among adults, BMI >= 30 (age-standardized estimate) (%) - Sex: male - Age group: 18+  years of age","Health"
"Prevalence of overweight among adults, BMI >= 25 (age-standardized estimate) (%) - Sex: male - Age group: 18+  years of age","Health"
"Death rate from amphetamine use disorders among both sexes","Health"
"Death rate from mental and substance use disorders among both sexes","Health"
"Death rate from opioid use disorders among both sexes","Health"
"Death rate from cocaine use disorders among both sexes","Health"
"Death rate from drug use disorders among both sexes...2842","Health"
"Death rate from substance use disorders among both sexes...2843","Health"
"Total deaths from drug use disorders among both sexes","Health"
"Total deaths from mental and substance use disorders among both sexes","Health"
"Total deaths from substance use disorders among both sexes...2846","Health"
"DALYs from drug use disorders, among both sexes per 100,000 people","Health"
"Antimicrobial usage in livestock (mg per population corrected units)...2849","Health"
"Deaths averted due to antiretroviral therapy - Central estimate...2850","Health"
"AIDS-related deaths - Age: total - Sex: total - Central estimate...2851","Health"
"Imports of pandemic-related customs (per-capita)","Health"
"Estimated polio cases...2853","Health"
"HIV prevalence - Sex: total - Age: 15-49 - Central estimate...2855","Health"
"Death rate from lower respiratory infections among both sexes...2856","Health"
"Total deaths from lower respiratory infections among both sexes","Health"
"Share of one-year-olds vaccinated against Haemophilus influenzae type b...2859","Health"
"Number of one-year-olds who have not had the third dose of the pneumococcal conjugate vaccine...2860","Health"
"Share of one-year-olds who have had the third dose of the pneumococcal conjugate vaccine...2862","Health"
"Circulating Vaccine-Derived Poliovirus (cVDPV) cases","Health"
"Wild Poliovirus cases","Health"
"Share of one-year-olds who have had the one dose of the inactivated polio vaccine...2865","Health"
"Estimated polio cases...2866","Health"
"Share of one-year-olds who have had three doses of the polio vaccine...2867","Health"
"Total polio cases per million...2868","Health"
"Total polio cases...2869","Health"
"Total polio cases...2870","Health"
"Affordability of cigarettes (as a share of GDP per capita)","Health"
"Bans on tobacco advertising","Health"
"3.a.1 - Age-standardized prevalence of current tobacco use among persons aged 15 years and older, by sex (%) - SH_PRV_SMOK - Both sexes","Health"
"Share of adults who smoke or use tobacco (age-standardized)...2878","Health"
"Share of male adults who smoke or use tobacco (age-standardized)","Health"
"Share of female adults who smoke or use tobacco (age-standardized)","Health"
"Number of smoke-free public places","Health"
"Support to help quit smoking","Health"
"Taxes as a share of cigarette price","Health"
"Death rate from self-harm among both sexes...2884","Health"
"Age-standardized death rate from self-harm among both sexes","Health"
"Total deaths from self-harm among both sexes","Health"
"Age-standardized death rate from self-inflicted injuries per 100,000 population - Sex: Both sexes - Age group: all ages","Health"
"Neonatal tetanus - number of reported cases per million","Health"
"Share of one-year-olds who have had three doses of the diphtheria, tetanus and pertussis vaccine...2890","Health"
"Neonates protected at birth against neonatal tetanus (PAB) (%)","Health"
"Average cost of drugs spent per patient starting multidrug-resistant tuberculosis treatment","Health"
"Share of newborns vaccinated against tuberculosis...2893","Health"
"Estimated incidence of all forms of tuberculosis...2894","Health"
"Total deaths from tuberculosis among both sexes","Health"
"Estimated number of new cases of all forms of tuberculosis...2896","Health"
"Sites providing TB diagnostic services using molecular WHO-recommended rapid diagnostics per million population","Health"
"Tuberculosis-related deaths among people living with HIV - Central estimate...2898","Health"
"Case detection rate (all forms)...2900","Health"
"Case fatality ratio (percentage)","Health"
"Estimated mortality from all forms of tuberculosis per 100,000 population","Health"
"Estimated number of deaths from all forms of tuberculosis","Health"
"Estimated HIV in incident tuberculosis...2904","Health"
"Treatment success rate for new and relapse cases","Health"
"Share of newborns vaccinated against tuberculosis...2907","Health"
"3.b.1 - Proportion of the target population who received the final dose of human papillomavirus (HPV) vaccine (%) - SH_ACS_HPV","Health"
"Number of one-year-olds who have not had three doses of the diphtheria, tetanus and pertussis vaccine","Health"
"Share of one-year-olds who have had three doses of the hepatitis B vaccine...2911","Health"
"Share of one-year-olds vaccinated against Haemophilus influenzae type b...2912","Health"
"Share of one-year-olds who have had the one dose of the inactivated polio vaccine...2913","Health"
"Share of one-year-olds who have had one dose of the measles vaccine...2914","Health"
"Share of one-year-olds who have had the third dose of the pneumococcal conjugate vaccine...2915","Health"
"Share of one-year-olds who have had three doses of the polio vaccine...2916","Health"
"Share of one-year-olds vaccinated against rubella...2917","Health"
"Share of one-year-olds vaccinated against rotavirus...2918","Health"
"Share of one-year-olds who have had three doses of the diphtheria, tetanus and pertussis vaccine...2919","Health"
"Number of one-year-olds who have not had three doses of the hepatitis B vaccine","Health"
"Share of one-year-olds vaccinated against Haemophilus influenzae type b...2921","Health"
"Number of one-year-olds who have not been vaccinated against Haemophilus influenzae type b","Health"
"Share of one-year-olds who have had three doses of the hepatitis B vaccine...2923","Health"
"Influenza vaccination rate (ages 65+)...2924","Health"
"Share of the target elderly population vaccinated against influenza...2925","Health"
"Share of one-year-olds who have had the one dose of the inactivated polio vaccine...2926","Health"
"Number of one-year-olds who have not had the inactivated polio vaccine","Health"
"Number of one-year-olds who have not had the measles vaccine","Health"
"Number of one-year-olds who have not had the third dose of the pneumococcal conjugate vaccine...2929","Health"
"Number of one-year-olds who have not had the third dose of the polio vaccine","Health"
"Share of one-year-olds who have had three doses of the polio vaccine...2931","Health"
"Measles - number of reported cases","Health"
"Number of one-year-olds who are not vaccinated against rotavirus...2933","Health"
"Number of one-year-olds who have not been vaccinated against rubella","Health"
"Share of one-year-olds vaccinated against rubella...2935","Health"
"Share that agrees vaccines are safe","Health"
"Share that agrees vaccines are important for children","Health"
"Share that disagrees vaccines are safe","Health"
"Share that disagrees vaccines are effective","Health"
"Share that disagrees vaccines are important for children","Health"
"Share of one-year-olds who have had three doses of the diphtheria, tetanus and pertussis vaccine...2941","Health"
"Share of one-year-olds who have had one dose of the measles vaccine...2942","Health"
"Share of children fully vaccinated against measles...2943","Health"
"Share of one-year-olds vaccinated against rotavirus...2944","Health"
"Population - Sex: all - Age: 0 - Variant: estimates","Health"
"Share of one-year-olds who have had one dose of the diphtheria, tetanus and pertussis vaccine","Health"
"Academic freedom index (central estimate)","Human Rights and Democracy"
"Deliberative democracy index (central estimate)...2948","Human Rights and Democracy"
"Deliberative democracy index (central estimate)...2949","Human Rights and Democracy"
"Political regime (LIED+)...2951","Human Rights and Democracy"
"Political regime...2952","Human Rights and Democracy"
"Political regime (inc. ambiguous categories)","Human Rights and Democracy"
"Democracy index...2954","Human Rights and Democracy"
"Democracy index...2955","Human Rights and Democracy"
"Egalitarian democracy index (central estimate)...2960","Human Rights and Democracy"
"Egalitarian democracy index (central estimate)...2961","Human Rights and Democracy"
"Electoral democracy index (central estimate)","Human Rights and Democracy"
"Political regime (reduced)","Human Rights and Democracy"
"Political regime...2964","Human Rights and Democracy"
"Freedom of association thick index (central estimate)...2965","Human Rights and Democracy"
"Freedom of expression and alternative sources of information index (central estimate)...2966","Human Rights and Democracy"
"Total democracy score","Human Rights and Democracy"
"Judicial constraints on the executive index (central estimate)","Human Rights and Democracy"
"Legislative constraints on the executive index (central estimate)","Human Rights and Democracy"
"Liberal democracy index (central estimate)...2970","Human Rights and Democracy"
"Political regime...2971","Human Rights and Democracy"
"Extent of direct popular votes (central estimate)","Human Rights and Democracy"
"Presidentialism index (central estimate)","Human Rights and Democracy"
"Political polarization score (central estimate)","Human Rights and Democracy"
"Political regime...2976","Human Rights and Democracy"
"Political regime (trichotomous)","Human Rights and Democracy"
"Political regime...2978","Human Rights and Democracy"
"Political regime (LIED+)...2979","Human Rights and Democracy"
"Political regime...2980","Human Rights and Democracy"
"Core civil society index (central estimate)","Human Rights and Democracy"
"Share of population with suffrage","Human Rights and Democracy"
"Universal suffrage","Human Rights and Democracy"
"Voter turnout of registered voters","Human Rights and Democracy"
"Voter turnout of voting-age population","Human Rights and Democracy"
"Clientelism Index (central estimate)","Human Rights and Democracy"
"Executive corruption index (central estimate)","Human Rights and Democracy"
"Judicial corruption score (central estimate)","Human Rights and Democracy"
"Legislative corruption score (central estimate)","Human Rights and Democracy"
"Media Corruption Score (central estimate)","Human Rights and Democracy"
"Political corruption index (central estimate)...2997","Human Rights and Democracy"
"Public sector corruption index (central estimate)","Human Rights and Democracy"
"Rigorous and impartial public administration (central estimate)...2999","Human Rights and Democracy"
"Rule of Law index (central estimate)...3000","Human Rights and Democracy"
"Corruption Perceptions Index","Human Rights and Democracy"
"Gender wage gap - Occupation (Skill level): Total","Human Rights and Democracy"
"Gender Inequality Index","Human Rights and Democracy"
"5.1.1 - Legal frameworks that promote, enforce and monitor gender equality (percentage of achievement, 0 - 100) -- Area 3: employment and economic benefits - SG_LGL_GENEQEMP","Human Rights and Democracy"
"5.5.2 - Proportion of women in senior and middle management positions - 13th ICLS (%) - IC_GEN_MGTN...3010","Human Rights and Democracy"
"Equal rights protection index (central estimate)","Human Rights and Democracy"
"Equality of civil liberties across social groups (central estimate)","Human Rights and Democracy"
"Freedom of association thick index (central estimate)...3015","Human Rights and Democracy"
"Freedom of expression and alternative sources of information index (central estimate)...3016","Human Rights and Democracy"
"Civil liberties index (central estimate)","Human Rights and Democracy"
"Equality before the law and individual liberty index (low estimate)","Human Rights and Democracy"
"Physical violence index (central estimate)","Human Rights and Democracy"
"Political civil liberties index (central estimate)","Human Rights and Democracy"
"Press Freedom Score","Human Rights and Democracy"
"Private civil liberties index (central estimate)","Human Rights and Democracy"
"Lower chamber female legislators (central estimate)...3026","Human Rights and Democracy"
"Women's civil rights index (central estimate)...3027","Human Rights and Democracy"
"Women's political empowerment index (central estimate)...3028","Human Rights and Democracy"
"Armed forces personnel (% of total population)...3034","Human Rights and Democracy"
"Domestic policymaking free from foreign influence (central estimate)","Human Rights and Democracy"
"Foreign policymaking free from foreign influence (central estimate)","Human Rights and Democracy"
"Functioning government","Human Rights and Democracy"
"Territory under state control (central estimate)","Human Rights and Democracy"
"Political corruption index (central estimate)...3042","Human Rights and Democracy"
"Rigorous and impartial public administration (central estimate)...3044","Human Rights and Democracy"
"Rule of Law index (central estimate)...3045","Human Rights and Democracy"
"Taxes including social contributions (as a share of GDP)...3049","Human Rights and Democracy"
"Years a country was an European overseas colony","Human Rights and Democracy"
"Maternal mortality ratio...3066","Human Rights and Democracy"
"5.5.2 - Proportion of women in senior and middle management positions - 13th ICLS (%) - IC_GEN_MGTN...3067","Human Rights and Democracy"
"Ratio of female to male labor force participation rate (%) (modeled ILO estimate)...3069","Human Rights and Democracy"
"Sex ratio - Sex: all - Age: 0 - Variant: estimates...3070","Human Rights and Democracy"
"5.5.1 - Proportion of elected seats held by women in deliberative bodies of local government (%) - SG_GEN_LOCGELS","Human Rights and Democracy"
"Share of women in ministerial positions","Human Rights and Democracy"
"Proportion of seats held by women in national parliaments (%)","Human Rights and Democracy"
"Lower chamber female legislators (central estimate)...3075","Human Rights and Democracy"
"Women, Business and the Law Index","Human Rights and Democracy"
"Women's civil rights index (central estimate)...3081","Human Rights and Democracy"
"Women's civil society participation index (central estimate)","Human Rights and Democracy"
"Women's political empowerment index (central estimate)...3084","Human Rights and Democracy"
"Women's political participation index (central estimate)","Human Rights and Democracy"
"Number of articles - Field: All","Innovation and Technological Change"
"Patent applications - Field: All","Innovation and Technological Change"
"Estimated investment - Field: All","Innovation and Technological Change"
"Number of articles per 1 million people - Field: All","Innovation and Technological Change"
"Fixed broadband subscriptions (per 100 people)...3093","Innovation and Technological Change"
"Fixed broadband subscriptions...3094","Innovation and Technological Change"
"Number of Internet users...3095","Innovation and Technological Change"
"Individuals using the Internet (% of population)...3096","Innovation and Technological Change"
"5.b.1 - Proportion of individuals who own a mobile telephone, by sex (%) - IT_MOB_OWN - Both sexes...3097","Innovation and Technological Change"
"Patent applications, residents","Innovation and Technological Change"
"7.a.1 - International financial flows to developing countries in support of clean energy research and development and renewable energy production, including in hybrid systems (millions of constant 2022 United States dollars) - EG_IFF_RANDN - All renewables","Innovation and Technological Change"
"Patent applications per million people","Innovation and Technological Change"
"Number of patents in carbon capture and storage...3102","Innovation and Technological Change"
"Total number of patents in renewable energy technologies...3103","Innovation and Technological Change"
"Research and development expenditure (% of GDP)","Innovation and Technological Change"
"Researchers in R&D (per million people)","Innovation and Technological Change"
"Scientific and technical journal articles","Innovation and Technological Change"
"Scientific and technical journal articles per million people","Innovation and Technological Change"
"Annual number of human visits to space...3109","Innovation and Technological Change"
"Cumulative number of people who have been to space","Innovation and Technological Change"
"Cumulative number of human visits to space","Innovation and Technological Change"
"Annual number of human visits to space...3114","Innovation and Technological Change"
"Fixed broadband subscriptions (per 100 people)...3116","Innovation and Technological Change"
"Fixed telephone subscriptions (per 100 people)","Innovation and Technological Change"
"Fixed broadband subscriptions...3118","Innovation and Technological Change"
"Fixed telephone subscriptions","Innovation and Technological Change"
"Mobile cellular subscriptions","Innovation and Technological Change"
"Mobile cellular subscriptions (per 100 people)","Innovation and Technological Change"
"Number of Internet users...3123","Innovation and Technological Change"
"Individuals using the Internet (% of population)...3124","Innovation and Technological Change"
"5.b.1 - Proportion of individuals who own a mobile telephone, by sex (%) - IT_MOB_OWN - Both sexes...3125","Innovation and Technological Change"
"9.c.1 - Proportion of population covered by at least a 4G mobile network (%) - IT_MOB_4GNTWK","Innovation and Technological Change"
"9.1.2 - Passenger volume (passenger kilometres), by mode of transport - IS_RDP_PFVOL - Air transport","Innovation and Technological Change"
"Air transport, passengers carried...3129","Innovation and Technological Change"
"Air transport, freight (million ton-km)...3130","Innovation and Technological Change"
"Battery-electric as a share of electric cars sold","Innovation and Technological Change"
"Annual CO鈧 emissions from domestic aviation...3134","Innovation and Technological Change"
"Carbon dioxide emissions from transport...3135","Innovation and Technological Change"
"Share of new cars that are electric","Innovation and Technological Change"
"Electric cars sold","Innovation and Technological Change"
"Electric car stocks","Innovation and Technological Change"
"Air transport, passengers carried...3140","Innovation and Technological Change"
"Per capita total annual CO鈧 emissions from aviation...3141","Innovation and Technological Change"
"Per capita CO鈧 emissions from international aviation...3142","Innovation and Technological Change"
"Per capita CO鈧 emissions from international flights, international tourism-adjusted...3143","Innovation and Technological Change"
"Per capita carbon dioxide emissions from transport...3144","Innovation and Technological Change"
"Railways, passengers carried (million passenger-km)","Innovation and Technological Change"
"Share of car stocks that are electric","Innovation and Technological Change"
"Proportion of population that has convenient access to public transport...3147","Innovation and Technological Change"
"The totalpopulation not using improved sanitation facilities...3149","Living Conditions, Community and Wellbeing"
"The totalpopulation without access to a handwashing facility with soap and water at home (basic hygiene service)","Living Conditions, Community and Wellbeing"
"The totalpopulation not using improved water sources...3151","Living Conditions, Community and Wellbeing"
"The totalpopulation not using safely managed drinking water services...3152","Living Conditions, Community and Wellbeing"
"Share of the population practicing open defecation...3153","Living Conditions, Community and Wellbeing"
"Share of the population using at least basic drinking water services","Living Conditions, Community and Wellbeing"
"Share of the population with access to a handwashing facility with soap and water at home (basic hygiene service) - Residence: Total","Living Conditions, Community and Wellbeing"
"Share of the population using safely managed drinking water services...3156","Living Conditions, Community and Wellbeing"
"Share of the rural population using at least basic drinking water services","Living Conditions, Community and Wellbeing"
"The rural population without access to a handwashing facility with soap and water at home (basic hygiene service)","Living Conditions, Community and Wellbeing"
"The totalpopulation not using safely managed sanitation services...3159","Living Conditions, Community and Wellbeing"
"Share of the population using at least basic sanitation services, improved sanitation facilities which are not shared","Living Conditions, Community and Wellbeing"
"Share of the rural population using at least basic sanitation services, improved sanitation facilities which are not shared","Living Conditions, Community and Wellbeing"
"No usage of drinking water facilities","Living Conditions, Community and Wellbeing"
"Open defecation (no use of any sanitation facilities)","Living Conditions, Community and Wellbeing"
"Access to limited handwashing facilities","Living Conditions, Community and Wellbeing"
"Usage of basic drinking water services","Living Conditions, Community and Wellbeing"
"Usage of basic sanitation services","Living Conditions, Community and Wellbeing"
"Usage of improved drinking water sources","Living Conditions, Community and Wellbeing"
"Usage of improved sanitation facilities","Living Conditions, Community and Wellbeing"
"Share of the population using improved water sources","Living Conditions, Community and Wellbeing"
"Usage of limited drinking water services","Living Conditions, Community and Wellbeing"
"Usage of limited sanitation services","Living Conditions, Community and Wellbeing"
"Usage of safely managed drinking water services","Living Conditions, Community and Wellbeing"
"Usage of safely managed sanitation services...3173","Living Conditions, Community and Wellbeing"
"Usage of unimproved drinking water sources","Living Conditions, Community and Wellbeing"
"Usage of unimproved sanitation facilities","Living Conditions, Community and Wellbeing"
"Access to basic handwashing facilities","Living Conditions, Community and Wellbeing"
"No handwashing facilities","Living Conditions, Community and Wellbeing"
"Rural usage...3178","Living Conditions, Community and Wellbeing"
"Rural usage...3179","Living Conditions, Community and Wellbeing"
"Rural usage...3180","Living Conditions, Community and Wellbeing"
"Rural usage...3181","Living Conditions, Community and Wellbeing"
"Rural usage...3182","Living Conditions, Community and Wellbeing"
"Rural usage...3183","Living Conditions, Community and Wellbeing"
"Rural usage...3184","Living Conditions, Community and Wellbeing"
"Rural usage...3185","Living Conditions, Community and Wellbeing"
"Rural usage...3186","Living Conditions, Community and Wellbeing"
"Rural usage...3187","Living Conditions, Community and Wellbeing"
"Rural usage...3188","Living Conditions, Community and Wellbeing"
"Rural usage...3189","Living Conditions, Community and Wellbeing"
"Rural usage...3190","Living Conditions, Community and Wellbeing"
"Rural usage...3191","Living Conditions, Community and Wellbeing"
"Rural usage...3192","Living Conditions, Community and Wellbeing"
"Urban usage...3193","Living Conditions, Community and Wellbeing"
"Urban usage...3194","Living Conditions, Community and Wellbeing"
"Urban usage...3195","Living Conditions, Community and Wellbeing"
"Urban usage...3196","Living Conditions, Community and Wellbeing"
"Urban usage...3197","Living Conditions, Community and Wellbeing"
"Urban usage...3198","Living Conditions, Community and Wellbeing"
"Urban usage...3199","Living Conditions, Community and Wellbeing"
"Urban usage...3200","Living Conditions, Community and Wellbeing"
"Urban usage...3201","Living Conditions, Community and Wellbeing"
"Urban usage...3202","Living Conditions, Community and Wellbeing"
"Urban usage...3203","Living Conditions, Community and Wellbeing"
"Urban usage...3204","Living Conditions, Community and Wellbeing"
"Urban usage...3205","Living Conditions, Community and Wellbeing"
"Urban usage...3206","Living Conditions, Community and Wellbeing"
"Urban usage...3207","Living Conditions, Community and Wellbeing"
"Share of the urban population using at least basic sanitation services, improved sanitation facilities which are not shared","Living Conditions, Community and Wellbeing"
"Share of the population with access to a handwashing facility with soap and water at home (basic hygiene service) - Residence: Rural","Living Conditions, Community and Wellbeing"
"Share of the population using safely managed sanitation services...3210","Living Conditions, Community and Wellbeing"
"Share of the population not using improved sanitation facilities...3211","Living Conditions, Community and Wellbeing"
"Share of the population not using improved water sources...3212","Living Conditions, Community and Wellbeing"
"Share of the urban population using at least basic drinking water services","Living Conditions, Community and Wellbeing"
"Proportion of population with primary reliance on clean fuels and technologies for cooking (%) - Residence area type: Total...3214","Living Conditions, Community and Wellbeing"
"Access to clean fuels and technologies for cooking (number of people without access)","Living Conditions, Community and Wellbeing"
"Access to electricity (number of people without access)...3216","Living Conditions, Community and Wellbeing"
"Per capita electricity - kWh...3217","Living Conditions, Community and Wellbeing"
"Primary energy consumption per capita (kWh/person)...3218","Living Conditions, Community and Wellbeing"
"Access to electricity (% of population)...3219","Living Conditions, Community and Wellbeing"
"The totalpopulation not using improved water sources...3220","Living Conditions, Community and Wellbeing"
"The totalpopulation not using safely managed drinking water services...3221","Living Conditions, Community and Wellbeing"
"Share of the population using safely managed drinking water services...3222","Living Conditions, Community and Wellbeing"
"Share of the population not using improved water sources...3223","Living Conditions, Community and Wellbeing"
"Cantril ladder score","Living Conditions, Community and Wellbeing"
"Augmented Human Development Index (AHDI) (excluding the income dimension)","Living Conditions, Community and Wellbeing"
"Augmented Human Development Index (AHDI)","Living Conditions, Community and Wellbeing"
"Average years of schooling...3230","Living Conditions, Community and Wellbeing"
"Expected years of schooling...3231","Living Conditions, Community and Wellbeing"
"GDP per capita...3232","Living Conditions, Community and Wellbeing"
"Gender Development Index","Living Conditions, Community and Wellbeing"
"Gross national income per capita","Living Conditions, Community and Wellbeing"
"Human Development Index...3235","Living Conditions, Community and Wellbeing"
"Human Development Index...3236","Living Conditions, Community and Wellbeing"
"Inequality in income","Living Conditions, Community and Wellbeing"
"Inequality-adjusted Human Development Index","Living Conditions, Community and Wellbeing"
"Inequality in education","Living Conditions, Community and Wellbeing"
"Inequality in life expectancy","Living Conditions, Community and Wellbeing"
"Liberal democracy index (central estimate)...3241","Living Conditions, Community and Wellbeing"
"Life expectancy","Living Conditions, Community and Wellbeing"
"Period life expectancy at birth...3243","Living Conditions, Community and Wellbeing"
"Overall loss","Living Conditions, Community and Wellbeing"
"Years of schooling","Living Conditions, Community and Wellbeing"
"Access to electricity (% of population)...3246","Living Conditions, Community and Wellbeing"
"Crude divorce rate","Living Conditions, Community and Wellbeing"
"Crude marriage rate","Living Conditions, Community and Wellbeing"
"Share of births outside marriage","Living Conditions, Community and Wellbeing"
"Share of women aged 15-49 who are married or in union (Projection)","Living Conditions, Community and Wellbeing"
"The totalpopulation not using improved sanitation facilities...3256","Living Conditions, Community and Wellbeing"
"Share of the population practicing open defecation...3257","Living Conditions, Community and Wellbeing"
"The totalpopulation not using safely managed sanitation services...3258","Living Conditions, Community and Wellbeing"
"Share of the population using safely managed sanitation services...3259","Living Conditions, Community and Wellbeing"
"Share of the population not using improved sanitation facilities...3260","Living Conditions, Community and Wellbeing"
"Working hours per worker...3261","Living Conditions, Community and Wellbeing"
"Trust journalists in this country","Living Conditions, Community and Wellbeing"
"Trust people in neighborhood","Living Conditions, Community and Wellbeing"
"Trust science","Living Conditions, Community and Wellbeing"
"Trust the national government in this country","Living Conditions, Community and Wellbeing"
"Working hours per worker...3269","Living Conditions, Community and Wellbeing"
"Productivity: output per hour worked...3270","Living Conditions, Community and Wellbeing"
"Asylum seekers by country of origin per 100,000 people","Population and Demographic Change"
"Asylum seekers by destination per 100,000 people","Population and Demographic Change"
"Average transaction cost of sending remittances from a specific country (%)","Population and Demographic Change"
"Average transaction cost of sending remittances to a specific country (%)","Population and Demographic Change"
"10.7.3 - Total deaths and disappearances recorded during migration (number) - SM_DTH_MIGR","Population and Demographic Change"
"16.2.2 - Detected victims of human trafficking, by age and sex (number) - VC_HTF_DETV - under 18 years old - Female","Population and Demographic Change"
"Internally displaced people due to conflict per 1000 inhabitants","Population and Demographic Change"
"Internally displaced people due to disaster per 1000 inhabitants","Population and Demographic Change"
"Internally displaced people per 1000 inhabitants","Population and Demographic Change"
"Share of the population that was born in another country...3281","Population and Demographic Change"
"Total number of international immigrants","Population and Demographic Change"
"Refugees by country of origin per 100,000 people","Population and Demographic Change"
"Refugees by country of asylum","Population and Demographic Change"
"Refugees by country of origin...3285","Population and Demographic Change"
"Refugees by country of origin per 1,000 people","Population and Demographic Change"
"Refugees by destination per 1,000 people","Population and Demographic Change"
"10.c.1 - Average remittance costs of sending $200 for a sending country as a proportion of the amount remitted (%) - SI_RMT_COST_SND","Population and Demographic Change"
"Personal remittances, received (% of GDP)","Population and Demographic Change"
"Resettlement arrivals by country of origin per 100,000 people","Population and Demographic Change"
"Returned refugees by country they returned from","Population and Demographic Change"
"Share of the population that was born in this country but now lives in another country.","Population and Demographic Change"
"Share of the population that was born in another country...3296","Population and Demographic Change"
"Stateless persons per 100,000 people in the country of residence","Population and Demographic Change"
"all years","Population and Demographic Change"
"Annual net migration rate - Sex: all - Age: all - Variant: estimates","Population and Demographic Change"
"Net migration - Sex: all - Age: all - Variant: estimates","Population and Demographic Change"
"Population change - Sex: all - Age: all - Variant: estimates","Population and Demographic Change"
"Birth rate - Sex: all - Age: all - Variant: estimates...3302","Population and Demographic Change"
"Births - Sex: all - Age: all - Variant: estimates...3303","Population and Demographic Change"
"Child mortality rate - Sex: all - Variant: estimates...3304","Population and Demographic Change"
"Population - Sex: all - Age: 0-4 - Variant: estimates...3305","Population and Demographic Change"
"Death rate - Sex: all - Age: all - Variant: estimates...3306","Population and Demographic Change"
"Death rate - Sex: all - Age: all - Variant: estimates...3308","Population and Demographic Change"
"Deaths - Sex: all - Age: all - Variant: estimates...3309","Population and Demographic Change"
"Fertility rate - Sex: all - Age: all - Variant: estimates...3310","Population and Demographic Change"
"Fertility rate - Sex: all - Age: all - Variant: estimates...3311","Population and Demographic Change"
"Infant mortality rate - Sex: all - Variant: estimates...3312","Population and Demographic Change"
"Life expectancy - Sex: all - Age: 0 - Variant: estimates...3313","Population and Demographic Change"
"Median age - Sex: all - Age: all - Variant: estimates...3314","Population and Demographic Change"
"Natural population growth rate - Sex: all - Age: all - Variant: estimates...3315","Population and Demographic Change"
"Natural population growth rate - Sex: all - Age: all - Variant: estimates...3316","Population and Demographic Change"
"Births - Sex: all - Age: all - Variant: estimates...3317","Population and Demographic Change"
"Deaths - Sex: all - Age: 0-4 - Variant: estimates...3318","Population and Demographic Change"
"Deaths - Sex: all - Age: 0-4 - Variant: estimates...3319","Population and Demographic Change"
"Deaths - Sex: all - Age: all - Variant: estimates...3320","Population and Demographic Change"
"Deaths - Sex: all - Age: 0 - Variant: estimates...3321","Population and Demographic Change"
"Old-age dependency ratio - Sex: all - Variant: estimates...3322","Population and Demographic Change"
"Population density - Sex: all - Age: all - Variant: estimates","Population and Demographic Change"
"Population growth rate - Sex: all - Age: all - Variant: estimates...3324","Population and Demographic Change"
"Population growth rate - Sex: all - Age: all - Variant: estimates...3325","Population and Demographic Change"
"Population (historical)","Population and Demographic Change"
"Sex ratio - Sex: all - Age: all - Variant: estimates","Population and Demographic Change"
"Total dependency ratio - Sex: all - Variant: estimates...3328","Population and Demographic Change"
"Child dependency ratio - Sex: all - Variant: estimates...3329","Population and Demographic Change"
"Population - Sex: all - Age: all - Variant: estimates...3330","Population and Demographic Change"
"Total dependency ratio - Sex: all - Variant: estimates...3331","Population and Demographic Change"
"Old-age dependency ratio - Sex: all - Variant: estimates...3332","Population and Demographic Change"
"Total dependency ratio - Sex: all - Variant: estimates...3333","Population and Demographic Change"
"Child dependency ratio - Sex: all - Variant: estimates...3334","Population and Demographic Change"
"Population - Sex: all - Age: 0-4 - Variant: estimates...3335","Population and Demographic Change"
"Median age - Sex: all - Age: all - Variant: estimates...3336","Population and Demographic Change"
"Population - Sex: all - Age: all - Variant: estimates...3337","Population and Demographic Change"
"Child mortality rate - Sex: all - Variant: estimates...3341","Population and Demographic Change"
"Child mortality rate of children aged under five years, per 100 live births...3342","Population and Demographic Change"
"Child mortality rate - Sex: all - Variant: estimates...3343","Population and Demographic Change"
"Child mortality rate...3344","Population and Demographic Change"
"Children that died before five years age per woman","Population and Demographic Change"
"Infant mortality rate - Sex: all - Variant: estimates...3346","Population and Demographic Change"
"Infant mortality rate of babies aged under one year, per 100 live births...3347","Population and Demographic Change"
"Neonatal mortality rate of babies aged less than 28 days, per 100 live births...3348","Population and Demographic Change"
"Deaths of children aged under five years","Population and Demographic Change"
"Deaths - Sex: all - Age: 0 - Variant: estimates...3350","Population and Demographic Change"
"Deaths of children aged under one year","Population and Demographic Change"
"Deaths of babies aged less than 28 days","Population and Demographic Change"
"Stillbirths per 100 births...3356","Population and Demographic Change"
"Under-fifteen mortality rate...3357","Population and Demographic Change"
"3.7.2 - Adolescent birth rate (per 1,000 women aged 15-19 and 10-14 years) - SP_DYN_ADKL - 15 to 19 years old","Population and Demographic Change"
"3.7.2 - Adolescent birth rate (per 1,000 women aged 15-19 and 10-14 years) - SP_DYN_ADKL - 10 to 14 years old","Population and Demographic Change"
"Fertility rate (period), historical","Population and Demographic Change"
"Fertility rate - Sex: all - Age: all - Variant: estimates...3362","Population and Demographic Change"
"Birth rate - Sex: all - Age: all - Variant: estimates...3364","Population and Demographic Change"
"Reproductive Effective Fertility rate (scaled by sex ratio)","Population and Demographic Change"
"Fertility rate - Sex: all - Age: all - Variant: estimates...3366","Population and Demographic Change"
"Birth rate (historical)","Population and Demographic Change"
"Month ordinal with peak daily birth rate","Population and Demographic Change"
"Mean age at childbearing, historical","Population and Demographic Change"
"Stillbirths per 100 births...3375","Population and Demographic Change"
"Sex ratio - Sex: all - Age: 0 - Variant: estimates...3379","Population and Demographic Change"
"Sex ratio - Sex: all - Age: 5 - Variant: estimates","Population and Demographic Change"
"Sex ratio - Sex: all - Age: 60 - Variant: estimates","Population and Demographic Change"
"Population, female (% of total population)","Population and Demographic Change"
"Average annual rate of change of the urban population share (projections)","Population and Demographic Change"
"Average annual rate of change cities with 300,000 inhabitants or more (projections)","Population and Demographic Change"
"Population share in urban areas","Population and Demographic Change"
"Population of the capital city...3387","Population and Demographic Change"
"Population density of the capital city","Population and Demographic Change"
"Population in the largest city (% of urban population)","Population and Demographic Change"
"Urban population (% of total population)","Population and Demographic Change"
"11.1.1 - Proportion of urban population living in slums (%) - EN_LND_SLUM","Population and Demographic Change"
"Average share of the built-up area of cities that is open space for public use for all","Population and Demographic Change"
"Proportion of population that has convenient access to public transport...3394","Population and Demographic Change"
"Population in urban agglomerations of more than 1 million (% of total population)","Population and Demographic Change"
"Population in urban agglomerations of more than 1 million","Population and Demographic Change"
"Urban population living in slums","Population and Demographic Change"
"Share of population residing in urban areas (HYDE estimates and UN projections)...3399","Population and Demographic Change"
"Share of population living in urban areas","Population and Demographic Change"
"Share of population residing in rural areas (HYDE estimates and UN projections)","Population and Demographic Change"
"Share of population residing in urban areas (HYDE estimates and UN projections)...3402","Population and Demographic Change"
"Threshold (Poorest decile, 2021 prices)...3404","Poverty and Economic Development"
"Threshold (Richest decile, 2021 prices)...3405","Poverty and Economic Development"
"Mean (2021 prices)","Poverty and Economic Development"
"Median (2021 prices)...3407","Poverty and Economic Development"
"Gini coefficient (2021 prices)","Poverty and Economic Development"
"Gini coefficient (Disposable household income, equivalized)","Poverty and Economic Development"
"Share (Richest decile, 2021 prices)","Poverty and Economic Development"
"Top 1% - Share (Pretax) (Extrapolated)","Poverty and Economic Development"
"Richest decile - Share (Disposable household income, equivalized)","Poverty and Economic Development"
"Palma ratio (Disposable household income, equivalized)","Poverty and Economic Development"
"Percentage reduction in Gini coefficient (before vs. after tax) - Working population...3425","Poverty and Economic Development"
"Top 1% - Share (Net national wealth) (Estimated)","Poverty and Economic Development"
"Richest decile - Share (Net national wealth) (Estimated)","Poverty and Economic Development"
"17.13.1 - External debt stocks as a proportion of GNI (%) - DT_DOD_DECT_GN_ZS","Poverty and Economic Development"
"Government procurement spending (% of government expenditure)","Poverty and Economic Development"
"Government procurement spending (% of GDP)","Poverty and Economic Development"
"Government expenditure (% of GDP)...3431","Poverty and Economic Development"
"Domestic general government health expenditure (GGHE-D) as percentage of general government expenditure (GGE) (%)...3432","Poverty and Economic Development"
"Government expenditure (% of GDP)...3433","Poverty and Economic Development"
"Expenditures on government outsourcing by economic transaction - Total (% of GDP)","Poverty and Economic Development"
"Public health expenditure as a share of GDP...3435","Poverty and Economic Development"
"Percentage reduction in Gini coefficient (before vs. after tax) - Working population...3436","Poverty and Economic Development"
"Government expenditure on education, total (% of government expenditure)...3437","Poverty and Economic Development"
"Compensation of employees (% of expense)","Poverty and Economic Development"
"Interest payments (% of expense)","Poverty and Economic Development"
"Government expenditure by function - Social protection | Total (% of government expenditure)","Poverty and Economic Development"
"Public social expenditure as a share of GDP","Poverty and Economic Development"
"Expense (% of GDP)","Poverty and Economic Development"
"Government expenditure per capita (International-$)","Poverty and Economic Development"
"Threshold (Poorest decile, 2021 prices)...3444","Poverty and Economic Development"
"Threshold (Richest decile, 2021 prices)...3445","Poverty and Economic Development"
"Median (2021 prices)...3446","Poverty and Economic Development"
"Number of surveys in the past decade","Poverty and Economic Development"
"GDP per capita, PPP (constant 2021 international $)...3448","Poverty and Economic Development"
"Mean income or consumption per day","Poverty and Economic Development"
"Median income or consumption per day","Poverty and Economic Development"
"Poverty gap index ($3 a day, 2021 prices)","Poverty and Economic Development"
"Number below $8.30 a day","Poverty and Economic Development"
"Share of population in poverty ($40 a day, 2021 prices)","Poverty and Economic Development"
"Share below $8.30 a day","Poverty and Economic Development"
"Prosperity gap (2021 prices)","Poverty and Economic Development"
"1.a.1 - Official development assistance grants for poverty reduction, by recipient countries (percentage of GNI) - DC_ODA_POVLG","Poverty and Economic Development"
"Share of population in poverty (40% of the median, 2021 prices)","Poverty and Economic Development"
"Share of population in poverty (50% of the median, 2021 prices)","Poverty and Economic Development"
"Share of population in poverty (60% of the median, 2021 prices)","Poverty and Economic Development"
"Risk of impoverishing expenditure for surgical care (% of people at risk)...3462","Poverty and Economic Development"
"Share of population in poverty ($1 a day, 2021 prices)","Poverty and Economic Development"
"Share of population in poverty ($4.20 a day, 2021 prices)","Poverty and Economic Development"
"Share of population in poverty ($8.30 a day, 2021 prices)","Poverty and Economic Development"
"Share below $3 a day","Poverty and Economic Development"
"Poverty headcount ratio at national poverty lines (% of population)","Poverty and Economic Development"
"Threshold income or consumption per day marking the poorest decile","Poverty and Economic Development"
"Threshold income or consumption per day marking the richest decile","Poverty and Economic Development"
"Number of people in poverty ($3 a day, 2021 prices)","Poverty and Economic Development"
"Total shortfall ($3 a day, 2021 prices)","Poverty and Economic Development"
"Gross domestic product (GDP)","Poverty and Economic Development"
"GDP (output, multiple price benchmarks)","Poverty and Economic Development"
"GDP per capita growth (annual %)","Poverty and Economic Development"
"GDP per capita...3477","Poverty and Economic Development"
"GDP per capita (output, multiple price benchmarks)","Poverty and Economic Development"
"GDP per capita (constant 2015 US$)","Poverty and Economic Development"
"GDP per capita, PPP (constant 2021 international $)...3480","Poverty and Economic Development"
"GDP per person employed (constant 2021 PPP $)","Poverty and Economic Development"
"GDP (constant 2015 US$)","Poverty and Economic Development"
"GDP, PPP (constant 2021 international $)","Poverty and Economic Development"
"GNI per capita, PPP (constant 2021 international $)","Poverty and Economic Development"
"8.2.1 - Annual growth rate of real GDP per employed person (%) - SL_EMP_PCAP","Poverty and Economic Development"
"Productivity: output per hour worked...3486","Poverty and Economic Development"
"Manufacturing, value added (% of GDP)","Poverty and Economic Development"
"Gross domestic product, constant prices - Percent change - Observations","Poverty and Economic Development"
"Official and private flows by donor - Net disbursements","Poverty and Economic Development"
"10.b.1 - Total assistance for development, by recipient countries (millions of current United States dollars) - DC_TRF_TOTL","Poverty and Economic Development"
"ODA by donor (% of GNI) - Official estimate","Poverty and Economic Development"
"Official development assistance (ODA) by donor - Grant equivalents","Poverty and Economic Development"
"Official development assistance (ODA) and private grants by donor - Net disbursements","Poverty and Economic Development"
"ODA per capita by donor - Net disbursements","Poverty and Economic Development"
"17.2.1 - Net official development assistance (ODA) to LDCs as a percentage of OECD-DAC donors' GNI, by donor countries (%) - DC_ODA_LDCG","Poverty and Economic Development"
"ODA by recipient (% of GNI) (Official donors)","Poverty and Economic Development"
"Official development assistance (ODA) by recipient (Official donors)","Poverty and Economic Development"
"ODA per capita by recipient (Official donors)","Poverty and Economic Development"
"Deaths averted due to antiretroviral therapy - Central estimate...3501","Poverty and Economic Development"
"AIDS-related deaths - Age: total - Sex: total - Central estimate...3502","Poverty and Economic Development"
"Reported cases of guinea worm disease in humans...3503","Poverty and Economic Development"
"Percentage reduction in Gini coefficient (before vs. after tax) - Working population...3504","Poverty and Economic Development"
"17.1.2 - Proportion of budgetary central government funded by domestic taxes (%) - GC_GOB_TAXD","Poverty and Economic Development"
"17.13.1 - Tax revenue as a proportion of GDP (%) - GC_TAX_TOTL_GD_ZS","Poverty and Economic Development"
"Taxes including social contributions (as a share of GDP)...3509","Poverty and Economic Development"
"Taxes on goods and services (as a share of GDP)","Poverty and Economic Development"
"Taxes on income, profits and capital gains (TIPCG) (as a share of GDP)","Poverty and Economic Development"
"Air transport, passengers carried...3512","Poverty and Economic Development"
"International expenditure on travel in the country (adjusted for inflation and cost of living)","Poverty and Economic Development"
"International expenditure on travel abroad (adjusted for inflation)","Poverty and Economic Development"
"Average length of stay of international visitors","Poverty and Economic Development"
"Foreign guests in hotels and similar establishments","Poverty and Economic Development"
"Total number of tables","Poverty and Economic Development"
"Inbound arrivals of same-day visitors","Poverty and Economic Development"
"Inbound arrivals of same-day visitors per 1,000 people","Poverty and Economic Development"
"International tourist departures per 1,000 people","Poverty and Economic Development"
"International tourist departures","Poverty and Economic Development"
"Inbound arrivals of tourists per 1,000 people","Poverty and Economic Development"
"Inbound arrivals of tourists","Poverty and Economic Development"
"International trips for business and professional reasons","Poverty and Economic Development"
"International tourists visiting for personal purposes","Poverty and Economic Development"
"Domestic tourists staying in hotels and similar establishments","Poverty and Economic Development"
"Total employment in tourism industries per 1,000 people","Poverty and Economic Development"
"Employment in food and beverage serving activities per 1,000 people","Poverty and Economic Development"
"Per capita CO鈧 emissions from international flights, international tourism-adjusted...3529","Poverty and Economic Development"
"Per capita CO鈧 emissions from domestic aviation...3530","Poverty and Economic Development"
"Per capita CO鈧 emissions from international flights, international tourism-adjusted...3531","Poverty and Economic Development"
"Ratio of arrivals for business and professional to personal purposes","Poverty and Economic Development"
"Ratio of inbound to outbound tourist trips","Poverty and Economic Development"
"Ratio of same-day trips to tourist trips","Poverty and Economic Development"
"GDP from tourism as a share of total GDP","Poverty and Economic Development"
"Domestic trips by overnight tourists per person","Poverty and Economic Development"
"Air transport, freight (million ton-km)...3537","Poverty and Economic Development"
"Exports of goods and services (constant 2015 US$)","Poverty and Economic Development"
"Foreign direct investment, net inflows (% of GDP)","Poverty and Economic Development"
"Foreign direct investment, net outflows (% of GDP)","Poverty and Economic Development"
"Imports of goods and services (constant 2015 US$)","Poverty and Economic Development"
"10.a.1 - Proportion of tariff lines applied to imports with zero-tariff (%) - TM_TRF_ZERO - Total or no breakdown","Poverty and Economic Development"
"Trade in services (% of GDP)","Poverty and Economic Development"
"Food exports (% of merchandise exports)","Poverty and Economic Development"
"Manufactures exports (% of merchandise exports)","Poverty and Economic Development"
"Share of services in total goods and services exports","Poverty and Economic Development"
"Trade (% of GDP)","Poverty and Economic Development"
"Employment to population ratio, 15+, female (%) (national estimate)","Poverty and Economic Development"
"Labor force participation rate, female (% of female population ages 15+) (modeled ILO estimate)","Poverty and Economic Development"
"Employment to population ratio, 15+, female (%) (modeled ILO estimate)","Poverty and Economic Development"
"Labor force, female (% of total labor force)","Poverty and Economic Development"
"Ratio of female to male labor force participation rate (%) (modeled ILO estimate)...3559","Poverty and Economic Development"
"8.3.1 - Proportion of informal employment, by sector and sex - 13th ICLS (%) - SL_ISV_IFEM - No breakdown - Female","Poverty and Economic Development"
"Unemployment, female (% of female labor force) (modeled ILO estimate)","Poverty and Economic Development"
"One-sided violence...3565","Violence and War"
"Death rate in ongoing conflicts (best estimate) - Conflict type: all...3566","Violence and War"
"Death rate in ongoing conflicts (best estimate) - Conflict type: all...3567","Violence and War"
"Interstate...3568","Violence and War"
"Intrastate...3569","Violence and War"
"Non-state...3570","Violence and War"
"One-sided violence...3571","Violence and War"
"Deaths in ongoing conflicts (best estimate) - Conflict type: one-sided violence","Violence and War"
"Deaths in ongoing conflicts (best estimate) - Conflict type: all...3573","Violence and War"
"Deaths in ongoing conflicts (best estimate) - Conflict type: all...3574","Violence and War"
"Interstate...3575","Violence and War"
"Deaths in ongoing conflicts (best estimate) - Conflict type: interstate","Violence and War"
"Intrastate...3577","Violence and War"
"Deaths in ongoing conflicts (best estimate) - Conflict type: intrastate","Violence and War"
"Non-state...3579","Violence and War"
"Deaths in ongoing conflicts (best estimate) - Conflict type: non-state conflict","Violence and War"
"Internally displaced people due to conflict","Violence and War"
"Refugees by country of origin...3582","Violence and War"
"Homicide rate in both sexes in age 0-19 per 100,000 population","Violence and War"
"Homicide rate per 100,000 population - sex: Female - age: Total","Violence and War"
"Homicides - sex: Female - age: Total","Violence and War"
"Death rate from interpersonal violence among both sexes...3587","Violence and War"
"Homicide rate per 100,000 population - sex: Total - age: Total","Violence and War"
"Homicide rate in both sexes in all ages per 100,000 population...3589","Violence and War"
"Homicide rate in both sexes in all ages per 100,000 population...3590","Violence and War"
"Homicide rate per 100,000 population - a firearm","Violence and War"
"Homicides - a firearm","Violence and War"
"Homicides - sex: Total - age: Total","Violence and War"
"Deaths from homicide in both sexes in all ages","Violence and War"
"Total deaths from interpersonal violence among both sexes","Violence and War"
"Homicide rate per 100,000 population - sex: Male - age: Total","Violence and War"
"Homicides - sex: Male - age: Total","Violence and War"
"Share of total deaths from homicide in both sexes in all ages","Violence and War"
"Armed forces personnel (% of total labor force)","Violence and War"
"Armed forces personnel (% of total population)...3600","Violence and War"
"Armed forces personnel, total","Violence and War"
"Military expenditure (% of government spending)","Violence and War"
"Military expenditure (% of GDP)...3606","Violence and War"
"Military expenditure (constant US$)...3607","Violence and War"
"Military expenditure per armed forces personnel (constant US$)","Violence and War"
"Military expenditure (constant US$)...3610","Violence and War"
"Terrorism non-fatal injuries","Violence and War"
"Share of deaths from terrorism","Violence and War"
"Terrorism deaths per 100,000 people","Violence and War"
"Terrorism deaths","Violence and War"
"Terrorist attacks","Violence and War"
